customer_id,customer_name,customer_type,region,city_tier,contract_discount_pct,total_orders,total_units_purchased,total_gross_revenue_inr,total_discount_inr,total_net_revenue_inr,total_cogs_inr,total_fulfillment_cost_inr,total_pocket_profit_inr,customer_pocket_margin_pct
CUST_00470,Client Account 0470,B2B SMB,East,Tier 3,0.095,31,2433.0,18594563.0,2603450.46,15991112.539999997,12589123.45,651004.8800000001,2950711.789999999,18.45
CUST_00340,Client Account 0340,B2B SMB,East,Tier 2,0.138,38,2859.0,22438149.0,4234928.42,18203220.579999994,15239895.649999995,945139.53,2885804.9299999992,15.85
CUST_00182,Client Account 0182,B2B SMB,North,Tier 2,0.107,27,2190.0,23730149.0,2887332.28,20842816.72,17409435.529999997,912747.0400000002,2811419.61,13.49
CUST_00269,Client Account 0269,B2B SMB,West,Tier 2,0.126,38,2997.0,22445034.0,4292741.8,18152292.2,15415004.290000007,868642.1700000002,2785317.1700000004,15.34
CUST_00111,Client Account 0111,B2B SMB,East,Tier 1,0.13,38,3164.0,28226328.0,4198697.140000001,24027630.860000003,20600496.290000003,1027860.2900000002,2726945.5799999996,11.35
CUST_00405,Client Account 0405,B2B SMB,East,Tier 2,0.105,32,2470.0,17707114.0,2349957.31,15357156.689999994,12275665.309999997,713122.6,2689736.4299999997,17.51
CUST_00468,Client Account 0468,B2B SMB,West,Tier 2,0.122,41,3160.0,30956813.0,5778022.32,25178790.679999996,22870798.559999995,1080347.2000000002,2668644.6800000006,10.6
CUST_00178,Client Account 0178,B2B SMB,East,Tier 2,0.09,28,2155.0,29694451.0,3196881.9099999997,26497569.08999999,22558824.74,1621172.3,2626490.8800000004,9.91
CUST_00125,Client Account 0125,B2B SMB,North,Tier 1,0.094,20,1541.0,23450861.0,2646740.89,20804120.110000003,17407411.52,948729.4600000001,2590340.5299999993,12.45
CUST_00001,Client Account 0001,B2B SMB,West,Tier 2,0.084,35,2623.0,22821444.0,3814077.8399999994,19007366.159999996,17274053.759999998,750609.49,2475990.08,13.03
CUST_00222,Client Account 0222,B2B SMB,South,Tier 1,0.091,26,2629.0,23988501.0,3230717.4699999993,20757783.53,17758848.689999998,921645.8400000002,2407549.9099999997,11.6
CUST_00351,Client Account 0351,B2B SMB,North,Tier 2,0.091,34,2739.0,35632267.0,5199103.980000001,30433163.020000007,28102917.430000007,1290322.41,2379051.1599999997,7.82
CUST_00132,Client Account 0132,B2B SMB,East,Tier 1,0.083,26,2390.0,22635418.0,2433413.42,20202004.579999994,16846895.520000003,1190947.8900000001,2362504.55,11.69
CUST_00133,Client Account 0133,B2B SMB,South,Tier 1,0.085,35,3248.0,33996663.0,5398220.4799999995,28598442.520000003,25796095.67,1198328.6900000002,2298034.4200000004,8.04
CUST_00046,Client Account 0046,B2B SMB,North,Tier 1,0.096,32,2899.0,25026765.0,3541930.1100000003,21484834.89,18756031.470000003,1051040.0499999998,2223264.92,10.35
CUST_00254,Client Account 0254,B2B SMB,North,Tier 2,0.125,29,2309.0,34262009.0,4814958.04,29447050.960000005,26391046.570000008,1357874.4900000002,2170312.4299999997,7.37
CUST_00315,Client Account 0315,B2B SMB,South,Tier 2,0.105,31,2441.0,27689052.0,4012286.1599999997,23676765.839999996,21103997.309999995,974350.5999999999,2091315.52,8.83
CUST_00060,Client Account 0060,B2B SMB,East,Tier 1,0.135,30,2290.0,20211447.0,3498840.9399999995,16712606.06,14356021.219999999,805302.0800000001,2066884.2699999998,12.37
CUST_00147,Client Account 0147,B2B SMB,West,Tier 1,0.116,22,2171.0,25428072.0,4594872.640000001,20833199.36,18789052.12,945108.41,2001585.64,9.61
CUST_00392,Client Account 0392,B2B SMB,South,Tier 2,0.106,32,2257.0,36751637.0,5923878.58,30827758.419999998,29199354.21999999,1422832.0399999993,1790067.27,5.81
CUST_00354,Client Account 0354,B2B SMB,West,Tier 1,0.099,26,1806.0,23135594.0,2927547.9899999998,20208046.01000001,18037712.64,839946.95,1711714.5100000002,8.47
CUST_00395,Client Account 0395,B2B SMB,East,Tier 3,0.114,35,2971.0,34647469.0,4388746.22,30258722.78,27243011.61,1497900.75,1706430.9699999997,5.64
CUST_00462,Client Account 0462,B2B SMB,South,Tier 1,0.124,37,2912.0,17197709.0,4463314.430000002,12734394.569999998,11165160.67,586750.77,1669965.5800000003,13.11
CUST_00377,Client Account 0377,B2B SMB,North,Tier 2,0.082,37,3119.0,29807131.0,6399206.87,23407924.130000003,21858490.59,1244023.29,1627565.48,6.95
CUST_00402,Client Account 0402,B2B SMB,East,Tier 3,0.095,31,2586.0,31625340.0,4360090.18,27265249.819999997,25119528.390000004,1205355.97,1569688.8699999999,5.76
CUST_00202,Client Account 0202,B2B SMB,East,Tier 1,0.111,33,2402.0,43993170.0,6596401.3999999985,37396768.599999994,34919746.279999994,1878271.1500000001,1521980.9000000001,4.07
CUST_00497,Client Account 0497,B2B SMB,West,Tier 1,0.102,22,2037.0,6801341.0,1212942.82,5588398.180000001,4037515.3400000003,384250.15,1486591.54,26.6
CUST_00159,Client Account 0159,B2B SMB,West,Tier 2,0.112,24,1823.0,12453181.0,1833651.24,10619529.759999998,8929843.030000003,454474.35,1461374.7099999997,13.76
CUST_00223,Client Account 0223,B2B SMB,West,Tier 2,0.094,36,3018.0,31888102.0,6214999.33,25673102.669999994,24026148.529999997,1154310.46,1403644.9999999998,5.47
CUST_00180,Client Account 0180,B2B Enterprise,East,Tier 1,0.171,32,2773.0,32417500.0,6844552.409999998,25572947.59,24242718.430000007,1086684.67,1364709.4899999998,5.34
CUST_00149,Client Account 0149,B2B SMB,East,Tier 2,0.133,36,3303.0,63473823.0,12268961.65,51204861.35,49879198.220000006,2649596.0200000005,1361340.5200000003,2.66
CUST_00035,Client Account 0035,B2B SMB,East,Tier 3,0.127,32,2503.0,34007588.0,5989652.730000001,28017935.27,26195029.339999996,1444837.8699999999,1258675.9599999997,4.49
CUST_00090,Client Account 0090,B2B SMB,North,Tier 1,0.104,37,2502.0,23278910.0,3957019.88,19321890.12,17923250.220000003,808480.72,1257636.21,6.51
CUST_00265,Client Account 0265,B2B SMB,North,Tier 2,0.129,36,3006.0,36453467.0,7585107.0200000005,28868359.98,27500054.41,1374671.6800000004,1248153.19,4.32
CUST_00126,Client Account 0126,B2B SMB,South,Tier 1,0.107,26,2219.0,28519436.0,6071182.08,22448253.92,21802228.36,1574521.35,1162390.2300000004,5.18
CUST_00049,Client Account 0049,B2B SMB,West,Tier 1,0.08,31,2646.0,22203972.0,3354112.3000000003,18849859.7,17312000.119999997,937860.8900000001,1162181.3300000003,6.17
CUST_00290,Client Account 0290,B2B SMB,West,Tier 2,0.14,33,2606.0,43254834.0,7126869.990000002,36127964.010000005,34051347.260000005,1648035.1299999997,1125315.3900000001,3.11
CUST_00062,Client Account 0062,B2B Enterprise,West,Tier 1,0.183,37,3166.0,38858299.0,8486392.560000002,30371906.439999994,29413668.110000007,1275469.7199999995,1053694.62,3.47
CUST_00300,Client Account 0300,B2B Enterprise,East,Tier 2,0.194,32,2524.0,29339026.0,6164754.670000001,23174271.330000002,21316205.880000003,1085042.7999999998,956210.36,4.13
CUST_00094,Client Account 0094,B2B SMB,South,Tier 1,0.11,34,2662.0,23701921.0,5130521.439999999,18571399.56,17660637.51,902291.4199999999,850677.75,4.58
CUST_00471,Client Account 0471,B2B SMB,South,Tier 2,0.12,22,1890.0,15417299.0,3596445.04,11820853.96,10843116.19,599302.9199999999,849728.74,7.19
CUST_00289,Client Account 0289,B2B SMB,East,Tier 2,0.094,16,1161.0,14212577.0,2490070.7300000004,11722506.27,10657019.6,461753.37,810469.4099999999,6.91
CUST_00233,Client Account 0233,B2B Enterprise,North,Tier 1,0.205,36,2936.0,26993051.0,7528261.2,19464789.799999993,20219146.86,710280.6999999998,790490.2899999998,4.06
CUST_00355,Client Account 0355,B2B SMB,East,Tier 1,0.119,35,2707.0,34533722.0,5608921.119999999,28924800.880000003,27792616.209999997,1289514.5,692371.8199999997,2.39
CUST_00097,Client Account 0097,B2B SMB,South,Tier 1,0.139,27,2160.0,28088710.0,7323999.350000001,20764710.650000002,20568148.560000002,883285.6600000001,571868.5499999998,2.75
CUST_00412,Client Account 0412,B2B SMB,North,Tier 1,0.108,37,3293.0,25504540.0,6283609.560000001,19220930.439999994,18632286.33,1572632.4999999995,413674.7799999998,2.15
CUST_00201,Client Account 0201,B2B Enterprise,North,Tier 1,0.184,31,2070.0,17905975.0,4407487.26,13498487.740000002,13645368.66,593093.0900000001,374677.14,2.78
CUST_00404,Client Account 0404,B2B SMB,West,Tier 2,0.134,26,1907.0,34952931.0,6297287.87,28655643.13,27930235.580000002,1340967.45,360129.8699999999,1.26
CUST_00276,Client Account 0276,B2B Enterprise,North,Tier 3,0.187,21,1520.0,4970125.0,1303632.26,3666492.7400000007,3156976.93,316300.27,316365.48,8.63
CUST_00184,Client Account 0184,B2B SMB,East,Tier 2,0.1,28,2385.0,19725824.0,4800729.43,14925094.57,14621071.76,1054622.27,258443.84999999995,1.73
CUST_00391,Client Account 0391,B2B Enterprise,South,Tier 1,0.233,31,2475.0,15544163.0,4667493.369999998,10876669.629999999,10836065.329999998,650573.7899999999,258032.71000000002,2.37
CUST_00036,Client Account 0036,Retail Gold,West,Tier 3,0.0,28,82.0,1856588.0,65961.5,1790626.5,1479481.6299999997,92408.15999999997,250872.02000000002,14.01
CUST_00057,Client Account 0057,Retail Silver,South,Tier 1,0.0,38,94.0,1752276.0,133065.0,1619211.0000000002,1344740.3099999998,73604.69,236950.14999999997,14.63
CUST_00033,Client Account 0033,Retail Standard,North,Tier 1,0.0,35,82.0,1363992.0,27032.62,1336959.3800000001,1054315.06,58519.28,233914.07,17.5
CUST_00007,Client Account 0007,Retail Gold,North,Tier 2,0.0,32,81.0,1795859.0,48616.84,1747242.16,1466052.12,72858.14000000001,228326.54000000004,13.07
CUST_00305,Client Account 0305,Retail Standard,West,Tier 2,0.0,37,86.0,1371570.0,85786.56999999996,1285783.4300000002,1031837.5300000001,55488.88000000002,228279.50999999998,17.75
CUST_00283,Client Account 0283,Retail Standard,North,Tier 2,0.0,34,91.0,1689497.0,66760.47,1622736.53,1364659.9899999998,68599.83999999998,216864.02999999997,13.36
CUST_00367,Client Account 0367,Retail Standard,North,Tier 3,0.0,44,117.0,1829611.0,103857.67000000001,1725753.3299999998,1439470.7899999998,101783.73999999999,211803.9,12.27
CUST_00489,Client Account 0489,Retail Gold,South,Tier 1,0.0,35,78.0,1783339.0,97150.18000000001,1686188.8199999998,1442484.72,72611.94,210455.34,12.48
CUST_00277,Client Account 0277,Retail Standard,East,Tier 1,0.0,32,77.0,1969641.0,115657.69999999998,1853983.2999999998,1601185.39,79983.66,210248.31000000006,11.34
CUST_00085,Client Account 0085,Retail Standard,South,Tier 2,0.0,40,99.0,1346846.0,45404.34000000001,1301441.66,1034739.5899999997,65898.95999999999,208372.41,16.01
CUST_00158,Client Account 0158,Retail Standard,North,Tier 1,0.0,35,84.0,1315637.0,52951.700000000004,1262685.3,1023348.5099999999,55347.2,206826.40000000005,16.38
CUST_00331,Client Account 0331,Retail Standard,East,Tier 1,0.0,30,80.0,966845.0,15210.58,951634.42,712443.6700000002,40033.409999999996,201204.99000000002,21.14
CUST_00139,Client Account 0139,Retail Standard,South,Tier 2,0.0,34,87.0,1185234.0,21821.120000000003,1163412.8800000001,927658.0499999999,44211.54,200509.44999999992,17.23
CUST_00386,Client Account 0386,Retail Gold,South,Tier 1,0.0,36,86.0,1021414.0,40512.659999999996,980901.3400000002,754098.7400000002,44742.96000000001,199476.35000000006,20.34
CUST_00218,Client Account 0218,Retail Silver,East,Tier 1,0.0,33,88.0,1057924.0,3457.42,1054466.58,812365.0399999996,46214.82,197305.63000000006,18.71
CUST_00120,Client Account 0120,Retail Standard,East,Tier 1,0.0,36,100.0,1184341.0,46703.39000000001,1137637.6099999999,907568.5,44948.13000000001,197249.40999999997,17.34
CUST_00357,Client Account 0357,Retail Silver,North,Tier 1,0.0,39,105.0,1594998.0,80376.28000000001,1514621.7199999997,1284342.5299999998,61251.770000000004,196245.57999999996,12.96
CUST_00274,Client Account 0274,Retail Gold,North,Tier 2,0.0,31,78.0,1538622.0,75117.37999999999,1463504.62,1225652.57,68046.77,196023.43999999997,13.39
CUST_00077,Client Account 0077,Retail Standard,South,Tier 1,0.0,41,101.0,1156875.0,24543.010000000002,1132331.99,894088.69,47477.28999999998,195147.61000000002,17.23
CUST_00189,Client Account 0189,Retail Gold,West,Tier 2,0.0,38,98.0,1603245.0,75405.54000000001,1527839.46,1288468.9400000002,74064.12999999999,193715.88000000006,12.68
CUST_00143,Client Account 0143,Retail Silver,South,Tier 1,0.0,27,67.0,1163091.0,54307.5,1108783.5,894219.7200000001,45500.31,193493.87999999998,17.45
CUST_00275,Client Account 0275,Retail Standard,South,Tier 1,0.0,34,92.0,1370646.0,53032.26,1317613.7399999998,1090033.23,49502.88999999999,193410.97999999995,14.68
CUST_00213,Client Account 0213,Retail Gold,North,Tier 2,0.0,37,94.0,1169491.0,57082.44,1112408.5600000003,882342.3300000001,52119.71000000001,192206.81,17.28
CUST_00387,Client Account 0387,Retail Silver,South,Tier 3,0.0,33,76.0,1179052.0,65255.46000000001,1113796.54,897120.5499999999,53596.33999999999,192193.03,17.26
CUST_00488,Client Account 0488,Retail Gold,West,Tier 3,0.0,44,95.0,996879.0,58062.0,938817.0,719883.8899999999,48151.77,191764.81000000003,20.43
CUST_00071,Client Account 0071,Retail Standard,East,Tier 2,0.0,36,99.0,1015481.0,77700.40000000001,937780.6,736147.68,42156.11,190466.44999999998,20.31
CUST_00288,Client Account 0288,Retail Standard,West,Tier 2,0.0,36,88.0,1108221.0,38177.78999999999,1070043.21,845826.3000000003,43663.37,189803.11000000004,17.74
CUST_00457,Client Account 0457,Retail Standard,South,Tier 2,0.0,32,93.0,1256443.0,69687.05999999998,1186755.9400000002,962936.1200000002,52412.069999999985,189779.53999999998,15.99
CUST_00318,Client Account 0318,Retail Silver,South,Tier 1,0.0,34,97.0,928432.0,46497.600000000006,881934.4,678046.66,37232.19,188939.91000000006,21.42
CUST_00019,Client Account 0019,Retail Standard,East,Tier 3,0.0,32,75.0,1178149.0,40164.18,1137984.82,893709.0299999999,67766.41,188473.22999999998,16.56
CUST_00234,Client Account 0234,Retail Silver,West,Tier 1,0.0,28,66.0,1044528.0,25567.77,1018960.23,795016.9000000001,46510.34999999998,187147.12999999998,18.37
CUST_00451,Client Account 0451,Retail Silver,South,Tier 2,0.0,31,70.0,1519382.0,110953.42000000001,1408428.5799999998,1201279.7699999998,63886.81,185947.94999999995,13.2
CUST_00475,Client Account 0475,Retail Standard,North,Tier 1,0.0,30,77.0,1156149.0,35402.22,1120746.7799999998,896637.4199999998,45407.31999999999,184994.63,16.51
CUST_00298,Client Account 0298,Retail Standard,North,Tier 2,0.0,32,86.0,1235687.0,22024.78,1213662.2200000002,978732.7000000001,57266.63,184671.99999999997,15.22
CUST_00303,Client Account 0303,B2B Enterprise,West,Tier 1,0.178,30,2260.0,27429702.0,5441530.400000001,21988171.599999998,20989298.4,1064375.67,183325.3000000001,0.83
CUST_00052,Client Account 0052,Retail Silver,West,Tier 2,0.0,29,77.0,921729.0,12299.95,909429.05,690861.0,40217.04,182859.56,20.11
CUST_00447,Client Account 0447,Retail Silver,South,Tier 3,0.0,30,69.0,1248761.0,72175.91,1176585.0900000003,971958.5200000003,47025.82,181414.30000000005,15.42
CUST_00261,Client Account 0261,Retail Silver,North,Tier 2,0.0,32,82.0,1030674.0,56494.439999999995,974179.56,764587.8200000001,47825.520000000004,180824.11,18.56
CUST_00151,Client Account 0151,Retail Standard,North,Tier 2,0.0,25,66.0,1118744.0,28894.089999999997,1089849.91,880081.94,43765.50999999999,179130.52000000005,16.44
CUST_00014,Client Account 0014,Retail Standard,South,Tier 2,0.0,32,89.0,988799.0,15036.859999999999,973762.14,760279.54,39193.58,178591.89,18.34
CUST_00272,Client Account 0272,Retail Standard,South,Tier 1,0.0,27,70.0,1005883.0,48663.56,957219.4400000001,745561.3399999999,47390.409999999996,178591.43000000005,18.66
CUST_00332,Client Account 0332,Retail Silver,West,Tier 1,0.0,31,89.0,971985.0,52933.78,919051.2200000001,710170.92,45508.58999999999,177935.25999999995,19.36
CUST_00264,Client Account 0264,Retail Gold,West,Tier 1,0.0,32,85.0,1190932.0,18326.94,1172605.0600000003,959600.3400000001,43357.12000000002,176669.28000000006,15.07
CUST_00330,Client Account 0330,Retail Silver,North,Tier 1,0.0,35,92.0,1201673.0,61153.55999999999,1140519.4400000002,939425.4500000002,51220.00999999999,175849.00000000003,15.42
CUST_00190,Client Account 0190,Retail Silver,South,Tier 2,0.0,38,100.0,1791955.0,187142.63,1604812.37,1414249.6300000004,72349.29,175448.86,10.93
CUST_00050,Client Account 0050,Retail Standard,South,Tier 2,0.0,28,65.0,1311985.0,67100.6,1244884.4,1035288.5099999998,53897.79,175107.5,14.07
CUST_00169,Client Account 0169,Retail Standard,East,Tier 2,0.0,34,89.0,1166987.0,71711.96,1095275.04,900895.9300000002,45662.56000000001,174304.27000000002,15.91
CUST_00024,Client Account 0024,Retail Silver,South,Tier 1,0.0,37,101.0,1048647.0,54390.219999999994,994256.7799999999,788653.29,44373.94999999999,173810.97999999998,17.48
CUST_00008,Client Account 0008,Retail Gold,East,Tier 1,0.0,33,89.0,1251345.0,43929.34,1207415.6600000001,988397.6500000001,60424.62999999997,173259.96000000005,14.35
CUST_00487,Client Account 0487,Retail Gold,East,Tier 2,0.0,25,72.0,1258528.0,45812.61,1212715.39,968705.2200000003,81419.49,172740.04000000004,14.24
CUST_00137,Client Account 0137,Retail Silver,East,Tier 2,0.0,36,89.0,838641.0,22032.38,816608.62,616532.5900000001,32923.49,172250.96999999997,21.09
CUST_00286,Client Account 0286,Retail Gold,East,Tier 1,0.0,39,98.0,1141115.0,36125.270000000004,1104989.73,885990.36,57473.649999999994,171792.94999999998,15.55
CUST_00080,Client Account 0080,Retail Gold,West,Tier 2,0.0,23,59.0,806521.0,16667.72,789853.28,591612.3999999999,32197.070000000007,171114.58999999997,21.66
CUST_00337,Client Account 0337,Retail Silver,West,Tier 1,0.0,39,86.0,892400.0,21340.649999999998,871059.3499999997,671943.99,37876.31,170829.17999999996,19.61
CUST_00384,Client Account 0384,Retail Silver,South,Tier 1,0.0,27,71.0,915593.0,13363.919999999998,902229.08,696214.9599999998,41612.38999999999,169322.33000000002,18.77
CUST_00421,Client Account 0421,Retail Standard,East,Tier 1,0.0,24,60.0,1188520.0,15046.47,1173473.5300000003,946537.3200000001,62984.88999999999,168715.47000000003,14.38
CUST_00439,Client Account 0439,Retail Silver,North,Tier 1,0.0,33,76.0,951836.0,54428.44,897407.5599999999,708205.88,46793.710000000014,168516.73,18.78
CUST_00022,Client Account 0022,Retail Standard,East,Tier 1,0.0,37,98.0,1265900.0,65150.37000000001,1200749.63,985610.9799999999,68364.54,168253.15000000005,14.01
CUST_00396,Client Account 0396,Retail Silver,East,Tier 1,0.0,29,78.0,1168887.0,32712.08,1136174.92,929341.0299999999,43615.78,168190.34,14.8
CUST_00038,Client Account 0038,Retail Standard,East,Tier 1,0.0,34,82.0,923704.0,28133.25,895570.75,698627.3100000002,36445.539999999986,168048.71,18.76
CUST_00473,Client Account 0473,Retail Gold,East,Tier 1,0.0,34,76.0,1172569.0,114729.36,1057839.64,887904.0800000001,41706.16000000001,167887.28,15.87
CUST_00031,Client Account 0031,Retail Silver,North,Tier 1,0.0,33,72.0,1029973.0,12997.289999999999,1016975.7099999998,796892.9899999998,56788.609999999986,167795.39,16.5
CUST_00429,Client Account 0429,Retail Standard,East,Tier 2,0.0,30,81.0,1310339.0,108782.78,1201556.2200000002,995329.4099999998,58762.05000000002,166710.56999999998,13.87
CUST_00459,Client Account 0459,Retail Silver,West,Tier 3,0.0,29,76.0,1069614.0,76999.54,992614.46,789771.0700000001,48585.470000000016,165586.66999999993,16.68
CUST_00419,Client Account 0419,Retail Standard,North,Tier 2,0.0,40,88.0,1459260.0,86663.39,1372596.61,1160326.6300000001,64776.97,165420.71,12.05
CUST_00203,Client Account 0203,Retail Gold,South,Tier 2,0.0,30,78.0,1202102.0,81390.69000000002,1120711.3099999998,924922.7899999998,41045.62000000001,165186.80000000002,14.74
CUST_00304,Client Account 0304,Retail Gold,East,Tier 3,0.0,32,84.0,923063.0,58469.81,864593.19,687105.18,35093.939999999995,164932.77000000002,19.08
CUST_00196,Client Account 0196,Retail Standard,West,Tier 1,0.0,34,84.0,992106.0,76235.79,915870.2100000001,733107.2800000003,38715.969999999994,162107.04999999996,17.7
CUST_00087,Client Account 0087,Retail Silver,West,Tier 1,0.0,38,90.0,1038591.0,32770.7,1005820.2999999999,814767.2200000001,44472.73999999999,162044.88999999996,16.11
CUST_00376,Client Account 0376,Retail Silver,North,Tier 1,0.0,39,107.0,1692293.0,166281.66,1526011.3399999999,1341317.3199999998,60298.74,160837.87000000002,10.54
CUST_00308,Client Account 0308,Retail Silver,North,Tier 2,0.0,32,72.0,729686.0,15990.629999999997,713695.37,524489.4,33777.78,160713.83,22.52
CUST_00224,Client Account 0224,Retail Silver,West,Tier 1,0.0,29,79.0,961910.0,60372.66,901537.3399999999,715945.8199999998,40386.17999999999,160439.54999999996,17.8
CUST_00352,Client Account 0352,Retail Silver,West,Tier 2,0.0,29,76.0,1308351.0,123718.94000000002,1184632.0599999998,1015132.3700000001,54470.01,159621.87,13.47
CUST_00027,Client Account 0027,Retail Gold,West,Tier 2,0.0,36,104.0,629014.0,27205.68,601808.32,422662.46,27064.1,159166.67999999996,26.45
CUST_00474,Client Account 0474,Retail Silver,North,Tier 2,0.0,38,90.0,1123218.0,56198.62999999999,1067019.37,875684.4300000002,43443.37,159080.24,14.91
CUST_00220,Client Account 0220,Retail Standard,North,Tier 2,0.0,32,78.0,991710.0,47253.15,944456.8500000001,765918.29,37477.119999999995,156714.48000000004,16.59
CUST_00124,Client Account 0124,Retail Silver,East,Tier 2,0.0,31,67.0,837511.0,47623.58,789887.4199999999,623178.92,31856.119999999995,156515.40999999995,19.81
CUST_00116,Client Account 0116,Retail Standard,East,Tier 1,0.0,30,74.0,844162.0,32632.92,811529.0800000001,628767.02,40006.59,156378.13999999998,19.27
CUST_00146,Client Account 0146,Retail Silver,North,Tier 2,0.0,40,101.0,1216345.0,120117.99,1096227.01,919008.6799999998,46854.27,155345.84,14.17
CUST_00020,Client Account 0020,Retail Silver,East,Tier 1,0.0,31,79.0,1177175.0,54815.4,1122359.5999999999,933245.68,52544.87,155075.75,13.82
CUST_00341,Client Account 0341,Retail Silver,North,Tier 2,0.0,38,100.0,899343.0,36824.06999999999,862518.9300000002,684149.5900000001,35079.02000000001,153625.91999999998,17.81
CUST_00211,Client Account 0211,Retail Standard,South,Tier 1,0.0,30,73.0,734223.0,10566.9,723656.1,544506.4799999999,28132.219999999998,153402.06000000003,21.2
CUST_00030,Client Account 0030,Retail Gold,South,Tier 1,0.0,35,94.0,1202239.0,92934.63,1109304.37,927617.5300000003,48210.179999999986,152764.87000000005,13.77
CUST_00150,Client Account 0150,Retail Standard,West,Tier 2,0.0,27,59.0,1016461.0,36837.380000000005,979623.62,806026.86,36792.87999999999,152013.18999999992,15.52
CUST_00480,Client Account 0480,Retail Gold,South,Tier 2,0.0,34,76.0,1221401.0,77593.73,1143807.2699999998,961618.3999999998,59126.729999999996,151433.08000000002,13.24
CUST_00294,Client Account 0294,Retail Silver,North,Tier 2,0.0,29,89.0,797660.0,41770.149999999994,755889.8500000001,576433.61,37650.03999999999,151233.40000000002,20.01
CUST_00217,Client Account 0217,Retail Silver,North,Tier 1,0.0,31,79.0,742701.0,21048.809999999998,721652.1900000002,547438.22,30794.730000000003,151161.55000000002,20.95
CUST_00207,Client Account 0207,Retail Silver,South,Tier 3,0.0,29,75.0,1125094.0,34187.759999999995,1090906.24,886611.41,61748.240000000005,150980.49000000002,13.84
CUST_00230,Client Account 0230,Retail Silver,East,Tier 1,0.0,36,87.0,680185.0,31318.8,648866.2,476425.56,26991.749999999996,150268.93,23.16
CUST_00118,Client Account 0118,Retail Silver,North,Tier 2,0.0,37,95.0,1401381.0,127949.34000000001,1273431.6600000001,1080207.8800000004,78780.44999999998,150173.81,11.79
CUST_00163,Client Account 0163,Retail Gold,West,Tier 3,0.0,22,61.0,1252321.0,76474.90000000001,1175846.0999999999,1008547.3899999998,43480.340000000004,149895.33,12.75
CUST_00078,Client Account 0078,Retail Standard,East,Tier 1,0.0,33,83.0,1084318.0,67474.73999999999,1016843.26,843563.0300000003,43328.72,149858.49,14.74
CUST_00380,Client Account 0380,Retail Gold,East,Tier 1,0.0,28,77.0,704773.0,41688.18,663084.8199999998,495542.6700000001,31882.710000000006,149339.31999999998,22.52
CUST_00205,Client Account 0205,Retail Gold,West,Tier 3,0.0,28,75.0,648235.0,2464.3600000000006,645770.64,464440.4799999999,32776.71000000001,149095.07,23.09
CUST_00021,Client Account 0021,Retail Gold,West,Tier 1,0.0,44,111.0,1155954.0,45350.829999999994,1110603.17,927235.1599999997,53228.299999999996,148837.83999999997,13.4
CUST_00232,Client Account 0232,Retail Silver,North,Tier 3,0.0,30,82.0,686436.0,26693.719999999998,659742.28,493642.48,27977.579999999994,148712.78999999998,22.54
CUST_00011,Client Account 0011,Retail Standard,East,Tier 2,0.0,34,74.0,723844.0,35259.52,688584.48,523100.2999999999,27279.499999999993,148626.73999999996,21.58
CUST_00438,Client Account 0438,Retail Standard,West,Tier 1,0.0,36,90.0,1418435.0,97685.06000000001,1320749.94,1136423.9600000002,53303.139999999985,148318.52999999997,11.23
CUST_00082,Client Account 0082,Retail Silver,East,Tier 3,0.0,25,69.0,1123845.0,91706.01,1032138.99,860004.2700000001,41985.61,148033.91000000003,14.34
CUST_00152,Client Account 0152,Retail Standard,West,Tier 1,0.0,28,71.0,947040.0,18006.260000000002,929033.74,744871.6499999999,41709.420000000006,147785.01000000004,15.91
CUST_00130,Client Account 0130,Retail Standard,West,Tier 3,0.0,31,81.0,880989.0,37019.24,843969.76,677076.8200000001,36504.95,147540.37,17.48
CUST_00104,Client Account 0104,Retail Standard,East,Tier 2,0.0,32,79.0,938713.0,45369.62,893343.38,722367.2,39379.14,146936.64,16.45
CUST_00032,Client Account 0032,Retail Silver,West,Tier 1,0.0,25,57.0,791330.0,6960.299999999999,784369.7000000001,608530.8800000001,31411.800000000003,146395.66,18.66
CUST_00493,Client Account 0493,Retail Standard,North,Tier 2,0.0,34,94.0,969221.0,67936.87,901284.1300000001,726520.1100000001,51931.75000000001,146220.9,16.22
CUST_00177,Client Account 0177,Retail Gold,South,Tier 3,0.0,27,65.0,763032.0,16565.91,746466.09,572892.0299999999,33014.82,145933.67999999996,19.55
CUST_00319,Client Account 0319,Retail Standard,South,Tier 1,0.0,34,86.0,931214.0,49059.9,882154.0999999999,714945.4700000001,39215.36999999999,145763.88,16.52
CUST_00138,Client Account 0138,Retail Silver,East,Tier 1,0.0,27,71.0,1070153.0,55966.619999999995,1014186.3800000001,840530.47,44075.93999999998,145720.72,14.37
CUST_00048,Client Account 0048,Retail Standard,West,Tier 3,0.0,29,69.0,959905.0,34221.840000000004,925683.16,746540.9900000001,41276.71,145515.93000000002,15.72
CUST_00368,Client Account 0368,Retail Silver,West,Tier 3,0.0,36,86.0,799223.0,14386.589999999998,784836.41,600036.03,44182.4,145472.72,18.54
CUST_00084,Client Account 0084,Retail Silver,East,Tier 2,0.0,29,70.0,812872.0,21103.71,791768.2899999999,620319.4700000001,32235.01,145455.52,18.37
CUST_00464,Client Account 0464,Retail Standard,West,Tier 3,0.0,26,67.0,897958.0,27330.14,870627.86,694637.9700000001,38599.469999999994,145289.81000000006,16.69
CUST_00413,Client Account 0413,Retail Silver,West,Tier 1,0.0,35,94.0,832245.0,64292.7,767952.2999999998,601838.5599999999,42111.369999999995,145245.64,18.91
CUST_00284,Client Account 0284,Retail Standard,West,Tier 2,0.0,31,76.0,961023.0,63742.12,897280.88,746265.0899999997,31786.71,144896.06,16.15
CUST_00317,Client Account 0317,Retail Platinum,West,Tier 2,0.052,31,84.0,1004576.0,95671.26000000002,908904.7399999996,732625.7899999999,43691.74999999999,144702.55000000002,15.92
CUST_00208,Client Account 0208,Retail Gold,North,Tier 1,0.0,35,95.0,836587.0,10825.55,825761.45,647628.2799999999,36571.920000000006,144432.11,17.49
CUST_00231,Client Account 0231,Retail Silver,North,Tier 1,0.0,33,78.0,817368.0,33416.92,783951.08,610865.6799999999,39415.69000000001,144143.37,18.39
CUST_00282,Client Account 0282,Retail Gold,East,Tier 2,0.0,29,82.0,748461.0,20323.95,728137.0499999999,560147.2200000001,30461.800000000003,143941.31,19.77
CUST_00385,Client Account 0385,Retail Silver,North,Tier 2,0.0,29,78.0,1077811.0,53531.35,1024279.6499999999,833894.1299999999,58979.92000000001,143815.77,14.04
CUST_00411,Client Account 0411,Retail Gold,East,Tier 2,0.0,32,78.0,947642.0,27198.879999999997,920443.12,727897.9299999998,46855.21999999999,143059.37000000002,15.54
CUST_00364,Client Account 0364,Retail Gold,North,Tier 1,0.0,33,72.0,892808.0,44641.18,848166.82,689203.6100000001,33229.46000000001,142550.1,16.81
CUST_00168,Client Account 0168,Retail Silver,East,Tier 2,0.0,36,77.0,1162157.0,51539.329999999994,1110617.6700000002,926003.6500000001,55657.72000000001,142262.05,12.81
CUST_00295,Client Account 0295,Retail Gold,North,Tier 2,0.0,26,78.0,617188.0,9917.02,607270.98,435744.72000000003,31762.469999999994,142154.58,23.41
CUST_00134,Client Account 0134,Retail Silver,South,Tier 2,0.0,35,78.0,944672.0,32023.970000000005,912648.0299999998,734680.35,44914.5,141828.59999999998,15.54
CUST_00310,Client Account 0310,Retail Standard,East,Tier 3,0.0,31,87.0,952428.0,59782.52,892645.48,733721.5600000002,38875.89000000001,141578.12999999998,15.86
CUST_00248,Client Account 0248,Retail Gold,South,Tier 1,0.0,32,81.0,672855.0,28613.159999999996,644241.8399999999,481941.43000000005,32798.920000000006,140985.31000000003,21.88
CUST_00255,Client Account 0255,Retail Silver,South,Tier 1,0.0,26,66.0,937900.0,59239.73999999999,878660.26,715943.7500000001,35727.92999999999,140923.61000000002,16.04
CUST_00383,Client Account 0383,Retail Platinum,East,Tier 1,0.057,29,75.0,1513546.0,108845.75999999998,1404700.24,1216207.1800000002,60949.14,140907.03,10.03
CUST_00393,Client Account 0393,Retail Silver,East,Tier 1,0.0,35,83.0,964697.0,97645.51999999999,867051.4800000001,716847.3899999998,38284.7,140846.34999999998,16.24
CUST_00154,Client Account 0154,Retail Silver,West,Tier 2,0.0,34,81.0,654705.0,16232.140000000001,638472.86,473729.4,30663.569999999996,140555.24000000002,22.01
CUST_00110,Client Account 0110,Retail Silver,South,Tier 1,0.0,29,68.0,974980.0,42876.83999999999,932103.1599999999,768086.0099999998,36062.130000000005,140389.55000000002,15.06
CUST_00458,Client Account 0458,Retail Standard,South,Tier 1,0.0,30,74.0,538770.0,10052.52,528717.48,370976.68999999994,20053.260000000002,140254.75000000003,26.53
CUST_00246,Client Account 0246,Retail Standard,East,Tier 2,0.0,32,73.0,864637.0,24655.76,839981.2399999999,663855.24,43330.170000000006,139983.47,16.67
CUST_00453,Client Account 0453,Retail Silver,East,Tier 1,0.0,29,78.0,808643.0,27138.489999999998,781504.51,621890.9999999999,32164.760000000002,139836.98,17.89
CUST_00378,Client Account 0378,Retail Standard,West,Tier 3,0.0,24,72.0,689992.0,49229.62999999999,640762.37,483607.37999999995,24265.949999999997,139804.58,21.82
CUST_00441,Client Account 0441,Retail Standard,South,Tier 2,0.0,37,99.0,801037.0,59539.270000000004,741497.73,580098.08,38689.62,139464.49000000002,18.81
CUST_00245,Client Account 0245,Retail Gold,South,Tier 3,0.0,31,61.0,832116.0,21888.699999999997,810227.2999999999,645487.71,29711.44999999999,138662.15999999997,17.11
CUST_00432,Client Account 0432,Retail Standard,North,Tier 2,0.0,31,81.0,831559.0,80776.07999999999,750782.92,598143.38,34071.46000000001,138583.47999999998,18.46
CUST_00018,Client Account 0018,Retail Gold,West,Tier 1,0.0,36,99.0,1297732.0,100705.76000000001,1197026.2399999998,1037812.8699999999,42971.369999999995,138523.36000000002,11.57
CUST_00291,Client Account 0291,Retail Silver,North,Tier 2,0.0,32,78.0,1092602.0,71088.04000000001,1021513.96,849928.5900000001,45920.83,138356.19,13.54
CUST_00175,Client Account 0175,Retail Standard,West,Tier 2,0.0,28,77.0,1344778.0,85424.22,1259353.78,1088107.9299999997,54735.49000000001,138178.09999999998,10.97
CUST_00446,Client Account 0446,Retail Silver,North,Tier 2,0.0,41,95.0,1112099.0,100557.54000000001,1011541.4600000001,845274.7100000002,51500.380000000005,137996.90000000005,13.64
CUST_00454,Client Account 0454,B2B Enterprise,North,Tier 3,0.239,21,1947.0,13568408.0,3357392.52,10211015.479999999,9692779.9,452715.41000000015,137748.39,1.35
CUST_00423,Client Account 0423,Retail Standard,East,Tier 1,0.0,25,61.0,962785.0,34698.06999999999,928086.9299999999,770155.0100000001,33108.840000000004,137630.83,14.83
CUST_00407,Client Account 0407,Retail Silver,East,Tier 3,0.0,33,82.0,625671.0,58680.91,566990.09,424154.63,25119.850000000006,137543.15000000002,24.26
CUST_00398,Client Account 0398,Retail Standard,West,Tier 3,0.0,19,44.0,933165.0,37535.2,895629.7999999999,737728.73,39199.78,137418.52999999997,15.34
CUST_00346,Client Account 0346,Retail Standard,South,Tier 2,0.0,34,83.0,841359.0,61870.30999999999,779488.6900000001,611630.4300000002,49048.74000000001,137007.22,17.58
CUST_00129,Client Account 0129,Retail Silver,East,Tier 2,0.0,30,78.0,1217079.0,100326.92,1116752.0799999998,947259.7799999998,56823.90000000001,136707.52000000002,12.24
CUST_00188,Client Account 0188,Retail Silver,West,Tier 1,0.0,27,65.0,740048.0,30976.66,709071.34,556705.73,26342.889999999996,136205.65000000002,19.21
CUST_00041,Client Account 0041,Retail Standard,North,Tier 1,0.0,28,65.0,745615.0,23029.22,722585.78,563187.8700000002,30251.800000000007,135835.18,18.8
CUST_00004,Client Account 0004,Retail Standard,North,Tier 1,0.0,32,75.0,881069.0,42931.94,838137.0599999999,688875.5599999998,34170.27999999999,135380.75999999998,16.15
CUST_00040,Client Account 0040,Retail Gold,North,Tier 1,0.0,25,68.0,770146.0,61575.86,708570.14,564573.9800000001,30420.97,135334.87999999998,19.1
CUST_00096,Client Account 0096,Retail Silver,North,Tier 1,0.0,23,52.0,564360.0,25558.44,538801.5599999999,386436.13,26450.870000000003,135238.86000000002,25.1
CUST_00107,Client Account 0107,Retail Standard,West,Tier 2,0.0,32,89.0,942721.0,87415.97,855305.03,716772.1699999999,34643.05,134746.22,15.75
CUST_00114,Client Account 0114,Retail Silver,East,Tier 2,0.0,32,80.0,705723.0,18600.379999999997,687122.62,529848.63,30522.550000000003,134691.81,19.6
CUST_00335,Client Account 0335,Retail Silver,South,Tier 1,0.0,25,69.0,1037551.0,75324.6,962226.3999999999,815916.5399999998,44014.29,134560.98999999996,13.98
CUST_00499,Client Account 0499,Retail Standard,West,Tier 1,0.0,33,81.0,662135.0,2135.16,659999.84,497042.4700000001,29209.149999999998,134544.72000000003,20.39
CUST_00089,Client Account 0089,Retail Silver,West,Tier 1,0.0,38,89.0,990855.0,52987.16,937867.84,776208.7500000001,43789.66000000001,134468.97,14.34
CUST_00370,Client Account 0370,Retail Silver,West,Tier 1,0.0,29,65.0,1144520.0,86836.08,1057683.92,908135.4400000001,52889.990000000005,134343.16999999998,12.7
CUST_00122,Client Account 0122,Retail Gold,South,Tier 1,0.0,33,87.0,1066889.0,105238.44,961650.5599999999,815572.4,42331.829999999994,133819.11000000004,13.92
CUST_00061,Client Account 0061,Retail Standard,South,Tier 2,0.0,30,78.0,1074686.0,59748.259999999995,1014937.74,855837.8999999999,53855.96,133705.62999999998,13.17
CUST_00098,Client Account 0098,Retail Silver,South,Tier 3,0.0,28,69.0,1022024.0,63726.719999999994,958297.2799999999,811016.1300000001,41964.240000000005,133157.69,13.9
CUST_00009,Client Account 0009,Retail Standard,West,Tier 3,0.0,33,82.0,825252.0,18059.480000000003,807192.5200000001,632898.0399999999,46422.920000000006,133081.12000000002,16.49
CUST_00064,Client Account 0064,Retail Silver,East,Tier 1,0.0,32,73.0,895989.0,53972.75,842016.25,683923.14,34866.21,132969.61000000002,15.79
CUST_00456,Client Account 0456,Retail Standard,North,Tier 3,0.0,26,68.0,854825.0,48336.28,806488.72,659135.0700000001,35703.97,131995.92,16.37
CUST_00362,Client Account 0362,Retail Silver,West,Tier 1,0.0,33,91.0,1138527.0,104317.32,1034209.6799999999,879604.2200000001,48091.83,131765.34999999998,12.74
CUST_00227,Client Account 0227,Retail Gold,West,Tier 2,0.0,26,57.0,1028329.0,22088.010000000002,1006240.99,828230.31,54385.44000000001,131627.94999999998,13.08
CUST_00228,Client Account 0228,Retail Standard,South,Tier 3,0.0,39,97.0,681008.0,66506.33,614501.67,474474.0399999999,25796.419999999995,131204.15999999997,21.35
CUST_00183,Client Account 0183,Retail Standard,North,Tier 1,0.0,21,50.0,650322.0,17522.81,632799.19,482405.77,25930.42,130358.62999999999,20.6
CUST_00225,Client Account 0225,Retail Silver,East,Tier 2,0.0,40,90.0,694456.0,24635.11,669820.8900000001,515690.58,30219.909999999996,130040.63,19.41
CUST_00065,Client Account 0065,Retail Standard,South,Tier 1,0.0,30,77.0,671275.0,23588.05,647686.9500000002,491761.12,31450.710000000003,130033.76,20.08
CUST_00434,Client Account 0434,Retail Silver,North,Tier 2,0.0,43,111.0,1112159.0,78050.70999999999,1034108.2899999999,874248.0599999998,40611.34,129476.84999999999,12.52
CUST_00388,Client Account 0388,Retail Gold,North,Tier 2,0.0,40,97.0,1708067.0,186543.35,1521523.6500000001,1359518.5799999996,72573.11000000002,129293.44000000003,8.5
CUST_00455,Client Account 0455,Retail Gold,East,Tier 1,0.0,30,86.0,659863.0,21173.58,638689.42,489649.8400000001,22667.289999999997,128848.46,20.17
CUST_00328,Client Account 0328,Retail Silver,West,Tier 2,0.0,29,69.0,503701.0,13059.24,490641.75999999995,343858.30000000005,22536.309999999994,128392.97000000002,26.17
CUST_00285,Client Account 0285,Retail Silver,East,Tier 1,0.0,29,78.0,913388.0,27753.120000000003,885634.88,733696.8600000002,37244.170000000006,128386.99,14.5
CUST_00325,Client Account 0325,Retail Standard,South,Tier 1,0.0,30,83.0,1009627.0,88758.56,920868.44,771429.1299999999,42659.25000000001,128350.78,13.94
CUST_00013,Client Account 0013,Retail Standard,North,Tier 2,0.0,27,69.0,657406.0,31357.92,626048.08,475327.0500000001,28871.059999999994,128120.83,20.47
CUST_00236,Client Account 0236,Retail Gold,West,Tier 3,0.0,27,72.0,728283.0,39404.439999999995,688878.5600000002,541072.69,30175.18,128100.18000000001,18.6
CUST_00250,Client Account 0250,Retail Silver,South,Tier 2,0.0,33,76.0,572742.0,24800.56,547941.4400000001,405550.06000000006,21964.03,127667.94,23.3
CUST_00424,Client Account 0424,Retail Silver,South,Tier 3,0.0,33,85.0,604731.0,24232.299999999996,580498.7000000001,434111.58999999985,25754.230000000003,127619.57,21.98
CUST_00389,Client Account 0389,Retail Silver,West,Tier 2,0.0,32,80.0,967440.0,55922.89,911517.11,754340.6999999998,37967.38,127571.47000000002,14.0
CUST_00287,Client Account 0287,Retail Silver,West,Tier 2,0.0,37,94.0,745802.0,70469.59999999999,675332.3999999999,535777.8299999998,32761.289999999994,127066.34,18.82
CUST_00171,Client Account 0171,Retail Gold,South,Tier 3,0.0,30,76.0,554139.0,18852.030000000002,535286.97,393447.61000000004,22430.519999999997,126954.53000000001,23.72
CUST_00074,Client Account 0074,Retail Standard,East,Tier 2,0.0,29,66.0,904193.0,68447.55,835745.4499999998,697701.8900000001,32591.039999999997,126906.93,15.18
CUST_00045,Client Account 0045,Retail Standard,North,Tier 2,0.0,33,86.0,1163761.0,120446.82,1043314.1799999999,887212.9199999999,52965.26999999999,126830.16999999998,12.16
CUST_00463,Client Account 0463,Retail Silver,East,Tier 1,0.0,31,76.0,903924.0,49484.22,854439.7799999999,711170.91,35971.68,126446.90999999999,14.8
CUST_00320,Client Account 0320,Retail Silver,North,Tier 2,0.0,28,74.0,715960.0,12550.83,703409.17,551213.6599999999,31399.22,126182.23,17.94
CUST_00492,Client Account 0492,Retail Standard,North,Tier 1,0.0,32,82.0,877559.0,35467.74,842091.2599999999,688973.64,43537.65000000001,125685.68,14.93
CUST_00342,Client Account 0342,Retail Gold,West,Tier 3,0.0,30,82.0,673650.0,16121.0,657529.0,505087.63999999996,33959.80999999999,125422.28999999996,19.07
CUST_00106,Client Account 0106,Retail Platinum,North,Tier 2,0.068,35,85.0,1207818.0,118604.79999999999,1089213.2000000002,931555.0299999999,45828.77,125389.62,11.51
CUST_00003,Client Account 0003,Retail Standard,East,Tier 2,0.0,32,75.0,1202081.0,94283.55999999998,1107797.44,955706.7699999999,48135.49000000001,125342.0,11.31
CUST_00390,Client Account 0390,Retail Gold,West,Tier 2,0.0,28,73.0,1533850.0,148667.28,1385182.72,1217166.4100000001,62569.05999999998,125150.17,9.03
CUST_00186,Client Account 0186,Retail Silver,North,Tier 1,0.0,30,74.0,1299931.0,91369.20999999999,1208561.79,1053471.63,60511.48,124935.37999999999,10.34
CUST_00012,Client Account 0012,Retail Silver,West,Tier 2,0.0,30,75.0,719033.0,62147.20000000001,656885.7999999999,515868.81999999995,26200.319999999992,124699.13999999998,18.98
CUST_00302,Client Account 0302,Retail Gold,West,Tier 2,0.0,29,72.0,593934.0,44643.240000000005,549290.76,415634.50000000006,23503.830000000005,124657.55,22.69
CUST_00360,Client Account 0360,Retail Gold,North,Tier 3,0.0,27,68.0,1264747.0,95080.92,1169666.0800000003,1003033.5999999997,61300.030000000006,124391.72000000002,10.63
CUST_00498,Client Account 0498,Retail Standard,South,Tier 2,0.0,26,57.0,654202.0,37508.98999999999,616693.01,473838.93999999994,27402.85,124223.66999999997,20.14
CUST_00199,Client Account 0199,Retail Silver,South,Tier 2,0.0,26,71.0,647038.0,17031.54,630006.46,488087.20999999996,26086.249999999993,123953.36999999998,19.67
CUST_00420,Client Account 0420,Retail Platinum,North,Tier 2,0.051,41,91.0,698903.0,45772.05999999998,653130.9400000001,497933.7500000001,34608.2,123491.99999999997,18.91
CUST_00179,Client Account 0179,Retail Standard,North,Tier 1,0.0,37,95.0,837275.0,57285.59,779989.41,640148.27,35878.96,123188.45999999999,15.79
CUST_00216,Client Account 0216,Retail Gold,South,Tier 3,0.0,36,79.0,1047323.0,53834.78999999999,993488.2100000001,813800.3600000001,70007.48000000001,123047.26,12.39
CUST_00191,Client Account 0191,Retail Gold,South,Tier 2,0.0,29,67.0,714699.0,37414.68,677284.32,532581.4500000001,35321.31999999999,122950.00999999998,18.15
CUST_00160,Client Account 0160,Retail Standard,South,Tier 2,0.0,27,72.0,930332.0,61489.520000000004,868842.48,729005.56,33478.8,122900.71999999999,14.15
CUST_00271,Client Account 0271,Retail Standard,West,Tier 1,0.0,21,54.0,600966.0,12272.26,588693.7400000001,442322.6400000001,28928.089999999997,122654.93999999996,20.84
CUST_00056,Client Account 0056,Retail Standard,North,Tier 1,0.0,36,82.0,1235610.0,132358.88,1103251.12,956496.34,45922.75000000001,122546.53999999998,11.11
CUST_00157,Client Account 0157,Retail Silver,West,Tier 2,0.0,33,84.0,634987.0,29011.16,605975.84,466137.00999999995,32146.080000000005,121518.85000000002,20.05
CUST_00075,Client Account 0075,Retail Silver,North,Tier 2,0.0,25,65.0,722269.0,16861.199999999997,705407.7999999999,563038.18,29206.52,121230.58,17.19
CUST_00017,Client Account 0017,Retail Standard,South,Tier 1,0.0,28,61.0,785057.0,14866.35,770190.6499999999,596797.62,56870.21,120717.38999999998,15.67
CUST_00485,Client Account 0485,Retail Standard,East,Tier 2,0.0,26,77.0,1082753.0,95848.44,986904.5599999999,842629.48,38268.28,120656.94,12.23
CUST_00239,Client Account 0239,Retail Gold,North,Tier 1,0.0,27,68.0,683054.0,52240.32000000001,630813.6799999999,495678.49999999994,32684.600000000002,120214.99,19.06
CUST_00436,Client Account 0436,Retail Standard,North,Tier 1,0.0,24,60.0,947430.0,91475.26000000001,855954.74,725635.3800000001,35137.63,119878.6,14.01
CUST_00165,Client Account 0165,Retail Silver,North,Tier 3,0.0,27,79.0,1349731.0,70303.61,1279427.3900000001,1089485.6099999999,82861.62000000001,119859.95000000003,9.37
CUST_00170,Client Account 0170,Retail Standard,North,Tier 1,0.0,26,79.0,766741.0,37877.030000000006,728863.97,596848.4500000001,28266.809999999998,119362.45000000003,16.38
CUST_00068,Client Account 0068,Retail Gold,North,Tier 2,0.0,34,77.0,894286.0,47102.94000000001,847183.0599999999,706398.9,38896.69,118595.91000000002,14.0
CUST_00460,Client Account 0460,Retail Standard,South,Tier 3,0.0,23,60.0,885524.0,90405.56,795118.44,671998.7600000001,32254.99,118209.15,14.87
CUST_00461,Client Account 0461,Retail Standard,South,Tier 2,0.0,26,70.0,587832.0,26312.94,561519.06,423017.92,29103.34,118017.57999999997,21.02
CUST_00073,Client Account 0073,Retail Silver,South,Tier 1,0.0,31,68.0,877254.0,64432.34,812821.66,672354.7799999999,31050.640000000003,117886.2,14.5
CUST_00266,Client Account 0266,Retail Silver,East,Tier 3,0.0,38,98.0,1007588.0,89485.81999999999,918102.1799999999,779836.0600000003,43779.18000000001,117847.64,12.84
CUST_00063,Client Account 0063,Retail Silver,East,Tier 1,0.0,36,98.0,1114789.0,86753.37,1028035.6300000001,886710.8900000001,47845.890000000014,117846.01999999999,11.46
CUST_00469,Client Account 0469,Retail Standard,East,Tier 3,0.0,32,83.0,701898.0,62463.52,639434.48,515950.1700000001,33852.36,117755.74999999999,18.42
CUST_00192,Client Account 0192,Retail Gold,West,Tier 1,0.0,30,80.0,413607.0,9599.5,404007.50000000006,267834.41000000003,22050.670000000002,116963.09000000003,28.95
CUST_00029,Client Account 0029,Retail Silver,West,Tier 3,0.0,32,82.0,932100.0,51628.27,880471.73,734307.1599999999,41225.36000000001,116875.76000000001,13.27
CUST_00174,Client Account 0174,Retail Platinum,North,Tier 2,0.055,42,97.0,788862.0,123805.65000000001,665056.35,566469.4300000002,26590.47,116838.5,17.57
CUST_00197,Client Account 0197,Retail Gold,West,Tier 1,0.0,24,54.0,459928.0,11232.22,448695.7800000001,318337.38000000006,18304.97,116780.46999999999,26.03
CUST_00437,Client Account 0437,Retail Silver,East,Tier 1,0.0,27,67.0,627393.0,13725.0,613668.0000000001,471077.1499999999,28574.939999999995,116357.01999999999,18.96
CUST_00155,Client Account 0155,Retail Platinum,North,Tier 1,0.05,31,78.0,1018539.0,112615.88,905923.1200000002,787921.9900000001,35984.81999999999,116241.95999999998,12.83
CUST_00058,Client Account 0058,Retail Standard,East,Tier 3,0.0,32,88.0,957281.0,69009.76000000001,888271.24,740862.2500000002,43873.81,115801.85,13.04
CUST_00496,Client Account 0496,Retail Gold,West,Tier 1,0.0,22,55.0,839652.0,67688.26,771963.74,639895.46,40126.41,115498.62,14.96
CUST_00102,Client Account 0102,Retail Standard,East,Tier 3,0.0,33,78.0,699334.0,32530.809999999998,666803.1900000001,519937.66000000003,41665.32,115416.95999999999,17.31
CUST_00486,Client Account 0486,Retail Platinum,North,Tier 1,0.078,34,89.0,1069802.0,135397.02,934404.98,796585.0000000001,40855.259999999995,115318.81999999999,12.34
CUST_00198,Client Account 0198,Retail Silver,North,Tier 2,0.0,25,60.0,741805.0,55578.310000000005,686226.6900000001,565308.84,32599.59,114521.79000000002,16.69
CUST_00221,Client Account 0221,Retail Standard,East,Tier 1,0.0,33,68.0,883977.0,63644.92,820332.0800000001,684579.04,32505.560000000005,114476.99,13.95
CUST_00140,Client Account 0140,Retail Standard,North,Tier 2,0.0,24,62.0,666630.0,18346.729999999996,648283.27,505595.38000000006,32520.0,114420.08,17.65
CUST_00278,Client Account 0278,Retail Standard,West,Tier 1,0.0,32,76.0,772976.0,43138.85,729837.1500000001,603409.8499999999,33045.740000000005,113392.40000000001,15.54
CUST_00260,Client Account 0260,Retail Standard,East,Tier 3,0.0,31,74.0,774320.0,49658.380000000005,724661.6200000001,591081.53,33660.829999999994,112689.72,15.55
CUST_00015,Client Account 0015,Retail Silver,North,Tier 3,0.0,27,79.0,927458.0,32239.779999999995,895218.22,753410.85,41407.3,112308.20999999996,12.55
CUST_00267,Client Account 0267,Retail Gold,North,Tier 2,0.0,24,60.0,788975.0,39720.44,749254.5599999999,614533.8500000002,34508.54,112291.54999999999,14.99
CUST_00324,Client Account 0324,Retail Platinum,East,Tier 3,0.066,28,71.0,824565.0,108172.85000000002,716392.15,590370.7500000001,33339.39,112145.12000000001,15.65
CUST_00005,Client Account 0005,Retail Platinum,West,Tier 1,0.065,33,85.0,744570.0,106280.74000000003,638289.2600000001,522274.36999999994,28021.96,112072.20000000001,17.56
CUST_00086,Client Account 0086,Retail Silver,South,Tier 1,0.0,27,76.0,671225.0,29425.9,641799.1,505748.02999999985,31351.810000000005,111967.20999999999,17.45
CUST_00141,Client Account 0141,Retail Gold,North,Tier 3,0.0,27,73.0,1367476.0,170723.00999999998,1196752.9899999998,1058926.2899999998,59019.22000000001,111522.42999999998,9.32
CUST_00433,Client Account 0433,Retail Gold,North,Tier 3,0.0,28,82.0,786933.0,24393.36,762539.6400000001,627977.8000000002,31458.879999999997,111385.27,14.61
CUST_00333,Client Account 0333,Retail Silver,North,Tier 1,0.0,32,79.0,613288.0,37950.93,575337.07,450113.3599999999,26760.43000000001,111101.29000000002,19.31
CUST_00023,Client Account 0023,Retail Gold,East,Tier 1,0.0,40,88.0,897559.0,97652.64000000001,799906.3599999999,678349.3099999998,35292.25,111000.28000000003,13.88
CUST_00500,Client Account 0500,Retail Silver,West,Tier 2,0.0,32,61.0,682353.0,10137.34,672215.6600000001,537250.89,26311.03,110979.61,16.51
CUST_00025,Client Account 0025,Retail Silver,North,Tier 2,0.0,29,68.0,938668.0,75241.12000000001,863426.8799999999,731738.09,40865.58,110555.14000000001,12.8
CUST_00076,Client Account 0076,Retail Standard,West,Tier 2,0.0,35,98.0,472846.0,32572.93,440273.0699999999,314622.18,20923.589999999997,110333.21,25.06
CUST_00422,Client Account 0422,Retail Gold,East,Tier 1,0.0,35,89.0,838641.0,58189.07,780451.9299999999,644800.5500000002,36315.94,110144.22000000002,14.11
CUST_00262,Client Account 0262,Retail Standard,South,Tier 2,0.0,38,90.0,1015166.0,35672.67,979493.3299999998,813147.3200000001,65048.780000000006,109957.96,11.23
CUST_00251,Client Account 0251,Retail Gold,West,Tier 2,0.0,31,72.0,868823.0,76161.23,792661.7700000001,663392.1000000001,34523.420000000006,109511.77,13.82
CUST_00092,Client Account 0092,Retail Standard,West,Tier 2,0.0,28,69.0,645707.0,11182.99,634524.01,506002.60000000003,24156.31,108214.37000000002,17.05
CUST_00316,Client Account 0316,Retail Silver,North,Tier 2,0.0,31,70.0,704539.0,71222.59,633316.4099999999,513690.63,33011.34,107580.41999999998,16.99
CUST_00270,Client Account 0270,Retail Platinum,South,Tier 1,0.057,36,102.0,1006476.0,105105.49000000003,901370.5100000001,770475.6100000002,35783.48000000001,106628.83999999998,11.83
CUST_00452,Client Account 0452,Retail Gold,East,Tier 2,0.0,32,79.0,1149881.0,124067.57,1025813.43,889818.4700000002,46897.26999999999,106343.37,10.37
CUST_00356,Client Account 0356,Retail Standard,East,Tier 1,0.0,32,84.0,1200664.0,142695.09,1057968.9100000001,919592.2,50296.08000000001,106277.39999999998,10.05
CUST_00365,Client Account 0365,Retail Standard,East,Tier 1,0.0,31,73.0,635417.0,23347.82,612069.18,478901.07,32680.27,106093.78999999998,17.33
CUST_00215,Client Account 0215,Retail Silver,West,Tier 1,0.0,32,83.0,889210.0,35322.909999999996,853887.09,716468.22,40861.53999999999,104818.88,12.28
CUST_00476,Client Account 0476,Retail Standard,East,Tier 3,0.0,31,82.0,743132.0,62290.93000000001,680841.0700000001,559981.68,30554.730000000003,104052.12999999998,15.28
CUST_00382,Client Account 0382,Retail Silver,West,Tier 2,0.0,29,74.0,791894.0,79508.01,712385.9899999999,590507.7100000001,30093.569999999996,103902.51999999996,14.59
CUST_00181,Client Account 0181,Retail Platinum,South,Tier 2,0.052,29,73.0,866537.0,56056.290000000015,810480.71,664435.8100000002,44377.63,103598.54,12.78
CUST_00212,Client Account 0212,Retail Standard,North,Tier 1,0.0,34,76.0,860981.0,38587.08,822393.9199999999,693408.6300000002,43007.159999999996,103543.70000000003,12.59
CUST_00135,Client Account 0135,Retail Standard,West,Tier 2,0.0,25,68.0,612662.0,62504.35999999999,550157.64,440692.3900000001,21972.370000000003,103174.65999999996,18.75
CUST_00173,Client Account 0173,Retail Silver,South,Tier 2,0.0,27,61.0,492262.0,33814.26,458447.74,340396.23,18682.95,103013.88999999998,22.47
CUST_00112,Client Account 0112,Retail Standard,North,Tier 3,0.0,37,94.0,809632.0,128549.58,681082.42,568900.1000000001,29062.569999999996,103012.27000000002,15.12
CUST_00268,Client Account 0268,Retail Silver,South,Tier 2,0.0,25,66.0,542026.0,10625.4,531400.6,400344.98,31058.69,102542.90999999997,19.3
CUST_00156,Client Account 0156,Retail Silver,South,Tier 2,0.0,34,90.0,926431.0,83757.98,842673.02,723162.8099999999,38923.21,102298.03,12.14
CUST_00247,Client Account 0247,Retail Platinum,North,Tier 2,0.075,27,56.0,882217.0,82988.33,799228.67,679107.2500000001,29780.070000000003,101992.34999999999,12.76
CUST_00069,Client Account 0069,Retail Silver,North,Tier 1,0.0,33,96.0,1329753.0,165533.41999999998,1164219.5799999998,1047213.9400000001,55848.369999999995,101869.57,8.75
CUST_00258,Client Account 0258,Retail Standard,South,Tier 3,0.0,37,76.0,1021619.0,81624.17,939994.8300000001,817618.42,43170.70999999999,101863.88999999998,10.84
CUST_00353,Client Account 0353,Retail Standard,East,Tier 3,0.0,26,77.0,1070219.0,108643.2,961575.7999999999,830991.4300000004,44566.77,101656.54,10.57
CUST_00148,Client Account 0148,Retail Standard,North,Tier 3,0.0,25,66.0,828684.0,51870.96,776813.0399999999,654840.3300000001,36628.97,101610.97,13.08
CUST_00187,Client Account 0187,Retail Gold,West,Tier 1,0.0,29,79.0,689700.0,70791.45,618908.55,506850.26,32597.660000000003,100431.20000000001,16.23
CUST_00002,Client Account 0002,Retail Gold,West,Tier 2,0.0,31,82.0,678679.0,21519.44,657159.5599999999,530521.74,33853.85999999999,100184.48000000003,15.25
CUST_00306,Client Account 0306,Retail Standard,South,Tier 1,0.0,33,86.0,848799.0,106517.47999999998,742281.52,633010.0,31948.010000000002,100041.25000000003,13.48
CUST_00079,Client Account 0079,Retail Gold,North,Tier 1,0.0,25,64.0,728851.0,16403.88,712447.1199999999,583206.2,34964.52,99678.50000000003,13.99
CUST_00194,Client Account 0194,Retail Platinum,West,Tier 1,0.063,36,96.0,1433250.0,148960.55,1284289.4500000002,1153421.8699999999,55816.37000000002,99375.34,7.74
CUST_00006,Client Account 0006,Retail Platinum,North,Tier 2,0.053,23,57.0,697075.0,88935.84000000003,608139.16,516917.93000000005,21816.489999999994,99300.08,16.33
CUST_00466,Client Account 0466,Retail Silver,South,Tier 1,0.0,32,69.0,626919.0,16411.18,610507.8199999998,482190.27999999997,30634.88,99195.40999999999,16.25
CUST_00311,Client Account 0311,Retail Standard,West,Tier 1,0.0,34,80.0,571067.0,35203.759999999995,535863.2399999999,421685.2599999999,24350.969999999998,98702.01000000001,18.42
CUST_00312,Client Account 0312,Retail Silver,North,Tier 1,0.0,29,75.0,992569.0,88414.98,904154.02,781739.64,43215.63999999999,97886.06999999999,10.83
CUST_00131,Client Account 0131,Retail Standard,South,Tier 1,0.0,29,73.0,1061972.0,128164.81999999999,933807.1799999999,823277.2300000001,53099.5,97782.89000000001,10.47
CUST_00101,Client Account 0101,Retail Standard,West,Tier 3,0.0,32,77.0,971727.0,85337.98999999999,886389.01,764019.11,46096.99,97624.89999999997,11.01
CUST_00256,Client Account 0256,Retail Standard,East,Tier 1,0.0,21,52.0,765829.0,24814.54,741014.4600000003,612245.1699999999,36415.689999999995,97273.36,13.13
CUST_00381,Client Account 0381,Retail Standard,North,Tier 1,0.0,28,64.0,582004.0,21551.850000000002,560452.1499999999,439535.26,27110.40000000001,97210.08000000003,17.34
CUST_00042,Client Account 0042,Retail Platinum,North,Tier 3,0.08,31,76.0,736413.0,75908.64,660504.3599999999,538320.02,33150.79,96422.64999999997,14.6
CUST_00491,Client Account 0491,Retail Standard,South,Tier 1,0.0,29,68.0,852541.0,56231.42,796309.5800000001,669107.3899999998,40213.71,96242.06999999999,12.09
CUST_00123,Client Account 0123,Retail Gold,North,Tier 1,0.0,20,54.0,496738.0,19474.3,477263.7,363602.94,23880.379999999997,96154.81000000003,20.15
CUST_00336,Client Account 0336,Retail Gold,East,Tier 1,0.0,38,80.0,972031.0,102669.48999999999,869361.5099999999,777295.18,39331.130000000005,96067.28999999998,11.05
CUST_00406,Client Account 0406,Retail Silver,East,Tier 2,0.0,30,78.0,1096452.0,86747.16,1009704.8400000001,862030.1699999999,83837.49,95670.11999999998,9.48
CUST_00053,Client Account 0053,Retail Standard,West,Tier 2,0.0,30,95.0,640966.0,60063.68,580902.3200000001,470758.30000000005,28967.480000000003,95135.15,16.38
CUST_00472,Client Account 0472,Retail Standard,East,Tier 3,0.0,27,63.0,1372685.0,104058.79999999999,1268626.2000000002,1108330.05,82441.45,94938.02,7.48
CUST_00329,Client Account 0329,Retail Silver,West,Tier 2,0.0,28,65.0,749577.0,49544.39000000001,700032.61,580625.5800000001,38640.149999999994,93874.08999999998,13.41
CUST_00088,Client Account 0088,Retail Platinum,West,Tier 1,0.067,32,74.0,1071311.0,178336.61,892974.3899999999,811058.0100000005,34827.24,93539.62999999998,10.48
CUST_00237,Client Account 0237,Retail Standard,North,Tier 1,0.0,36,96.0,538587.0,25993.269999999997,512593.73,402100.49,24308.899999999998,93528.75999999998,18.25
CUST_00010,Client Account 0010,Retail Silver,East,Tier 1,0.0,32,83.0,1075522.0,84064.22,991457.7799999998,852280.5100000001,67309.47000000002,93386.08999999997,9.42
CUST_00479,Client Account 0479,Retail Silver,South,Tier 3,0.0,27,69.0,736351.0,56891.60999999999,679459.39,562413.0200000001,39725.840000000004,93079.98000000001,13.7
CUST_00047,Client Account 0047,Retail Standard,North,Tier 3,0.0,33,73.0,507084.0,25070.499999999996,482013.5,372871.2699999999,22542.680000000004,92799.68000000001,19.25
CUST_00083,Client Account 0083,Retail Platinum,North,Tier 2,0.073,43,106.0,1063318.0,147434.64999999997,915883.3500000002,796807.1499999998,42708.270000000004,92767.93999999999,10.13
CUST_00066,Client Account 0066,Retail Silver,South,Tier 2,0.0,26,63.0,717857.0,55354.99,662502.01,551901.36,32465.949999999997,92588.79000000001,13.98
CUST_00373,Client Account 0373,Retail Silver,South,Tier 1,0.0,23,64.0,538076.0,15215.23,522860.77,411085.91,24832.020000000004,92430.68000000001,17.68
CUST_00185,Client Account 0185,Retail Gold,South,Tier 1,0.0,24,52.0,537726.0,27958.199999999997,509767.80000000005,394615.7300000001,26742.770000000004,92261.28000000001,18.1
CUST_00193,Client Account 0193,Retail Standard,North,Tier 2,0.0,25,65.0,465851.0,15247.100000000002,450603.9,322592.98999999993,41836.35999999999,91749.18000000002,20.36
CUST_00257,Client Account 0257,Retail Gold,West,Tier 1,0.0,31,72.0,321249.0,15152.929999999998,306096.07,207070.09999999995,13202.619999999999,91584.90999999997,29.92
CUST_00103,Client Account 0103,Retail Silver,West,Tier 2,0.0,29,73.0,467263.0,19842.33,447420.67,335372.93000000005,25981.64,91447.07000000002,20.44
CUST_00105,Client Account 0105,Retail Standard,East,Tier 2,0.0,27,54.0,525049.0,31680.600000000006,493368.39999999997,380049.5,27528.260000000002,91407.65999999997,18.53
CUST_00397,Client Account 0397,Retail Standard,North,Tier 1,0.0,24,69.0,880838.0,61455.57000000001,819382.43,705643.7899999999,32278.129999999997,91403.23,11.16
CUST_00444,Client Account 0444,Retail Silver,South,Tier 2,0.0,28,79.0,501567.0,37229.700000000004,464337.3,366471.49,19566.55,91235.76999999999,19.65
CUST_00144,Client Account 0144,Retail Standard,West,Tier 2,0.0,39,99.0,806430.0,62993.93999999999,743436.0599999999,601013.87,65107.69999999999,91030.09999999999,12.24
CUST_00108,Client Account 0108,Retail Gold,West,Tier 2,0.0,28,74.0,1019536.0,101665.95999999999,917870.04,806061.59,42979.51999999999,90550.79000000002,9.87
CUST_00119,Client Account 0119,Retail Gold,South,Tier 1,0.0,24,52.0,698359.0,61891.759999999995,636467.24,541978.5299999999,26777.499999999996,90434.75,14.21
CUST_00195,Client Account 0195,Retail Standard,North,Tier 1,0.0,25,69.0,482621.0,19222.67,463398.33,356723.03,23666.630000000005,90341.72,19.5
CUST_00347,Client Account 0347,Retail Silver,East,Tier 2,0.0,30,80.0,877370.0,55528.03,821841.9700000001,705761.6799999997,39000.24999999999,90085.67000000001,10.96
CUST_00410,Client Account 0410,Retail Standard,North,Tier 1,0.0,28,68.0,830306.0,65462.850000000006,764843.15,675158.28,30864.710000000003,90070.55999999998,11.78
CUST_00313,Client Account 0313,Retail Standard,North,Tier 2,0.0,26,68.0,897172.0,74944.23,822227.7699999999,706946.48,43833.74999999999,89889.54,10.93
CUST_00345,Client Account 0345,Retail Standard,West,Tier 3,0.0,30,67.0,912525.0,119767.95999999999,792757.04,697290.69,34246.19000000001,89636.1,11.31
CUST_00465,Client Account 0465,Retail Standard,South,Tier 1,0.0,26,74.0,912432.0,104837.01,807594.9899999999,700386.7100000002,39243.58,89446.59000000001,11.08
CUST_00494,Client Account 0494,Retail Gold,West,Tier 2,0.0,25,69.0,1098743.0,136060.58,962682.4200000002,860709.8200000002,36630.030000000006,88846.19000000002,9.23
CUST_00379,Client Account 0379,Retail Silver,East,Tier 1,0.0,24,61.0,434533.0,19252.02,415280.98,309367.17000000004,20278.73,88423.25,21.29
CUST_00241,Client Account 0241,Retail Silver,East,Tier 3,0.0,20,54.0,903275.0,22608.82,880666.18,717813.5000000001,80856.59000000001,88004.12999999999,9.99
CUST_00366,Client Account 0366,Retail Standard,East,Tier 2,0.0,30,68.0,624498.0,43255.40000000001,581242.6000000001,470998.4900000001,35876.990000000005,87994.26000000001,15.14
CUST_00054,Client Account 0054,Retail Silver,North,Tier 2,0.0,34,83.0,970995.0,112188.6,858806.3999999999,758634.1699999998,37857.97,87470.52000000002,10.19
CUST_00051,Client Account 0051,Retail Platinum,North,Tier 3,0.08,34,81.0,429515.0,56185.6,373329.39999999997,281775.20999999996,16831.04,86847.01000000001,23.26
CUST_00043,Client Account 0043,Retail Gold,East,Tier 2,0.0,25,65.0,698158.0,63710.56999999999,634447.4299999999,534204.7699999999,32228.07,86451.47999999998,13.63
CUST_00039,Client Account 0039,Retail Platinum,East,Tier 2,0.057,23,58.0,832410.0,92776.45000000004,739633.55,652849.3100000002,29424.48,85647.09,11.58
CUST_00293,Client Account 0293,Retail Standard,East,Tier 2,0.0,26,64.0,339147.0,30709.169999999995,308437.83,213243.78000000003,15366.660000000003,85629.98999999999,27.76
CUST_00358,Client Account 0358,Retail Platinum,East,Tier 2,0.062,29,76.0,1034118.0,142227.52,891890.48,809782.4199999998,34180.21999999999,85627.72999999995,9.6
CUST_00297,Client Account 0297,Retail Standard,South,Tier 3,0.0,25,51.0,303989.0,9120.57,294868.43000000005,200706.80000000002,12570.339999999998,85546.46,29.01
CUST_00477,Client Account 0477,Retail Standard,South,Tier 2,0.0,26,75.0,423039.0,27781.660000000003,395257.34,303136.99999999994,18281.58,85259.19,21.57
CUST_00164,Client Account 0164,Retail Platinum,South,Tier 2,0.058,28,65.0,586349.0,54057.37,532291.63,437893.16000000003,24561.82,83779.31,15.74
CUST_00280,Client Account 0280,Retail Gold,North,Tier 1,0.0,25,62.0,463247.0,40248.090000000004,422998.91000000003,333556.53,18458.75,83730.39,19.79
CUST_00484,Client Account 0484,Retail Silver,South,Tier 2,0.0,31,78.0,667697.0,68998.7,598698.3,503221.0300000002,24146.550000000003,83324.99,13.92
CUST_00359,Client Account 0359,Retail Standard,North,Tier 2,0.0,33,72.0,822338.0,104900.80999999998,717437.19,621157.07,33928.77,83312.56000000001,11.61
CUST_00416,Client Account 0416,Retail Standard,East,Tier 2,0.0,29,69.0,957959.0,101788.85999999997,856170.1400000001,761278.8600000002,41771.26,83264.43000000001,9.73
CUST_00478,Client Account 0478,Retail Silver,West,Tier 2,0.0,26,61.0,659205.0,44488.86,614716.14,515568.58,31957.969999999998,83005.70999999998,13.5
CUST_00167,Client Account 0167,Retail Gold,North,Tier 1,0.0,31,82.0,791779.0,89515.95000000001,702263.0499999999,608414.5199999999,29960.83,82855.56000000003,11.8
CUST_00249,Client Account 0249,Retail Standard,East,Tier 2,0.0,30,77.0,475532.0,41178.57,434353.43,342209.99000000005,25606.54,82708.88000000002,19.04
CUST_00361,Client Account 0361,Retail Silver,East,Tier 1,0.0,34,85.0,947118.0,109059.87999999998,838058.1199999999,743928.33,35637.05,81403.62000000001,9.71
CUST_00427,Client Account 0427,Retail Standard,West,Tier 1,0.0,28,67.0,585865.0,34283.189999999995,551581.8099999999,453511.9700000001,32015.640000000007,81141.51,14.71
CUST_00253,Client Account 0253,Retail Gold,West,Tier 1,0.0,22,47.0,821921.0,38087.46,783833.5399999999,672866.3500000001,43478.22000000001,80426.62,10.26
CUST_00238,Client Account 0238,Retail Standard,North,Tier 3,0.0,20,49.0,455584.0,52658.47999999999,402925.52,318505.21,20656.84,79871.43000000001,19.82
CUST_00418,Client Account 0418,Retail Silver,South,Tier 1,0.0,20,53.0,1108167.0,145465.86,962701.14,889512.0700000001,33751.55,79831.98,8.29
CUST_00099,Client Account 0099,Retail Platinum,North,Tier 3,0.054,23,64.0,1024258.0,126200.66000000002,898057.3400000001,806650.94,40664.149999999994,79813.18000000001,8.89
CUST_00273,Client Account 0273,Retail Standard,South,Tier 2,0.0,24,65.0,787265.0,92506.23999999999,694758.76,598067.8800000001,28617.52999999999,79723.21,11.47
CUST_00403,Client Account 0403,Retail Gold,East,Tier 2,0.0,31,73.0,541947.0,59530.85999999999,482416.14,389740.89999999997,23630.43,79364.78000000003,16.45
CUST_00176,Client Account 0176,Retail Platinum,North,Tier 1,0.072,28,66.0,852070.0,82906.83,769163.17,666623.1499999999,34794.200000000004,79254.91999999998,10.3
CUST_00292,Client Account 0292,Retail Standard,East,Tier 2,0.0,35,77.0,469744.0,54678.219999999994,415065.78,324626.09,21581.5,78267.3,18.86
CUST_00145,Client Account 0145,Retail Silver,North,Tier 2,0.0,23,60.0,759370.0,42267.85999999999,717102.14,611042.3000000002,44650.929999999986,78140.6,10.9
CUST_00314,Client Account 0314,Retail Standard,West,Tier 3,0.0,38,90.0,732781.0,82570.72999999997,650210.2699999998,554821.89,33246.200000000004,77812.04000000001,11.97
CUST_00210,Client Account 0210,Retail Standard,North,Tier 2,0.0,17,42.0,376472.0,25186.440000000002,351285.56,266938.75,15749.020000000002,77648.31000000001,22.1
CUST_00348,Client Account 0348,Retail Gold,South,Tier 3,0.0,26,70.0,509664.0,48966.420000000006,460697.57999999996,373457.92000000004,21021.440000000002,77448.26999999999,16.81
CUST_00369,Client Account 0369,Retail Silver,West,Tier 1,0.0,31,68.0,743312.0,55438.56,687873.44,602110.17,29139.85,77153.5,11.22
CUST_00252,Client Account 0252,Retail Standard,East,Tier 1,0.0,32,76.0,741048.0,85487.48000000001,655560.5199999999,572398.44,27382.559999999998,77116.59999999999,11.76
CUST_00161,Client Account 0161,Retail Standard,North,Tier 3,0.0,26,63.0,397467.0,20314.53,377152.47000000003,284789.94000000006,18049.050000000003,76881.92999999998,20.38
CUST_00417,Client Account 0417,Retail Standard,East,Tier 1,0.0,17,46.0,230104.0,7884.359999999999,222219.64,139451.93,9214.41,76200.83,34.29
CUST_00067,Client Account 0067,Retail Standard,West,Tier 2,0.0,29,62.0,253985.0,19284.659999999996,234700.34,151722.58,10249.890000000003,76047.28,32.4
CUST_00394,Client Account 0394,Retail Gold,North,Tier 1,0.0,23,56.0,865550.0,36210.65,829339.35,719884.1400000001,40862.200000000004,75875.77,9.15
CUST_00166,Client Account 0166,Retail Silver,South,Tier 2,0.0,21,62.0,617300.0,43850.7,573449.3,483939.14,25567.000000000004,75858.99,13.23
CUST_00349,Client Account 0349,Retail Gold,South,Tier 1,0.0,37,87.0,1260636.0,173138.6,1087497.4000000001,1016481.9299999998,48172.600000000006,75706.31999999998,6.96
CUST_00121,Client Account 0121,Retail Platinum,West,Tier 1,0.068,34,84.0,1054423.0,145897.40999999997,908525.5900000001,802778.3800000002,40595.520000000004,74763.64,8.23
CUST_00128,Client Account 0128,Retail Gold,South,Tier 1,0.0,29,66.0,679739.0,72343.00000000001,607396.0000000001,525862.27,33007.92999999999,74358.04999999999,12.24
CUST_00401,Client Account 0401,Retail Silver,East,Tier 2,0.0,28,64.0,272816.0,13548.939999999999,259267.06,176542.25,12551.37,74340.34999999999,28.67
CUST_00442,Client Account 0442,Retail Silver,North,Tier 2,0.0,30,83.0,856081.0,70778.68,785302.32,677021.2,49112.82000000001,73751.31999999999,9.39
CUST_00414,Client Account 0414,Retail Gold,East,Tier 1,0.0,22,50.0,514661.0,32767.670000000002,481893.3300000001,400665.79,18439.129999999997,73138.49999999999,15.18
CUST_00326,Client Account 0326,Retail Silver,West,Tier 3,0.0,23,66.0,685308.0,69614.6,615693.4,541450.58,29036.300000000003,72370.63,11.75
CUST_00399,Client Account 0399,Retail Silver,West,Tier 1,0.0,27,57.0,869363.0,97653.00999999998,771709.99,687102.0000000002,41795.750000000015,72046.34000000001,9.34
CUST_00321,Client Account 0321,Retail Standard,East,Tier 2,0.0,23,59.0,529895.0,31126.559999999998,498768.44,412727.01999999996,18617.129999999997,71698.93,14.38
CUST_00408,Client Account 0408,Retail Platinum,East,Tier 2,0.054,35,91.0,1031780.0,143885.13,887894.8699999998,800267.2699999999,40750.670000000006,70070.12,7.89
CUST_00172,Client Account 0172,Retail Gold,North,Tier 2,0.0,26,61.0,724924.0,32448.519999999997,692475.48,581927.0700000001,53388.52999999999,69802.6,10.08
CUST_00059,Client Account 0059,Retail Standard,East,Tier 3,0.0,29,64.0,644274.0,33744.45,610529.55,517703.37999999995,29279.710000000006,69077.08000000002,11.31
CUST_00350,Client Account 0350,Retail Standard,South,Tier 2,0.0,23,62.0,752958.0,91913.91,661044.09,585783.6800000002,27808.319999999996,69076.45000000001,10.45
CUST_00343,Client Account 0343,Retail Platinum,East,Tier 2,0.053,34,78.0,905981.0,159660.98,746320.0199999999,669937.24,40415.329999999994,68662.04000000002,9.2
CUST_00235,Client Account 0235,Retail Platinum,West,Tier 1,0.07,26,72.0,551406.0,82963.84,468442.16000000003,392415.14,20425.039999999997,68373.40000000001,14.6
CUST_00091,Client Account 0091,Retail Standard,South,Tier 1,0.0,24,63.0,782097.0,77056.06,705040.94,623547.1699999999,40146.88,68188.04000000002,9.67
CUST_00449,Client Account 0449,Retail Silver,South,Tier 2,0.0,23,58.0,462506.0,25118.7,437387.29999999993,353137.19999999995,22907.25,67569.34999999998,15.45
CUST_00206,Client Account 0206,Retail Silver,North,Tier 1,0.0,20,46.0,348264.0,15315.26,332948.74,255746.43000000002,15007.030000000002,66607.70999999999,20.01
CUST_00242,Client Account 0242,Retail Platinum,West,Tier 3,0.063,34,88.0,1371582.0,191843.58000000002,1179738.4200000002,1101381.68,49395.76,66426.03,5.63
CUST_00259,Client Account 0259,Retail Platinum,South,Tier 1,0.08,33,92.0,911239.0,151387.53,759851.4700000001,674752.2700000003,32947.23,65748.85999999999,8.65
CUST_00200,Client Account 0200,Retail Silver,West,Tier 2,0.0,23,55.0,270625.0,22335.980000000003,248289.02,174377.59000000005,13167.210000000001,65110.80999999999,26.22
CUST_00136,Client Account 0136,Retail Standard,South,Tier 3,0.0,30,69.0,604041.0,69951.59999999999,534089.4,463969.17,22930.48,65058.23,12.18
CUST_00142,Client Account 0142,Retail Silver,East,Tier 3,0.0,24,61.0,449449.0,52315.69000000001,397133.31,318928.66,26248.18,64979.08,16.36
CUST_00204,Client Account 0204,Retail Platinum,South,Tier 2,0.08,27,76.0,788812.0,123309.95999999999,665502.04,584496.4700000001,31325.579999999998,64971.62999999999,9.76
CUST_00296,Client Account 0296,Retail Silver,South,Tier 2,0.0,28,69.0,488823.0,40302.71999999999,448520.2799999999,369406.5300000001,22241.33,64510.48000000003,14.38
CUST_00229,Client Account 0229,Retail Gold,East,Tier 1,0.0,24,64.0,504370.0,53328.35,451041.65,374573.79999999993,17731.35,64386.429999999986,14.28
CUST_00334,Client Account 0334,Retail Platinum,South,Tier 2,0.055,22,57.0,737223.0,45923.17,691299.83,593145.3700000001,36781.48999999998,64226.45999999999,9.29
CUST_00344,Client Account 0344,Retail Standard,South,Tier 1,0.0,32,77.0,912727.0,110545.70999999999,802181.2899999999,718068.4099999999,40569.93,63601.789999999986,7.93
CUST_00372,Client Account 0372,Retail Standard,West,Tier 1,0.0,26,62.0,516138.0,53403.020000000004,462734.98000000004,375654.26,29146.98,63415.969999999994,13.7
CUST_00323,Client Account 0323,Retail Silver,West,Tier 2,0.0,30,78.0,648322.0,47933.579999999994,600388.42,506412.1800000001,40430.999999999985,63061.270000000004,10.5
CUST_00113,Client Account 0113,Retail Standard,South,Tier 3,0.0,24,62.0,932324.0,109807.77999999998,822516.2199999999,745357.86,32777.19,62974.81,7.66
CUST_00430,Client Account 0430,Retail Standard,North,Tier 3,0.0,16,32.0,341468.0,25349.219999999998,316118.78,253919.62,11701.230000000001,61809.37,19.55
CUST_00482,Client Account 0482,Retail Platinum,South,Tier 1,0.069,25,57.0,534946.0,74343.34,460602.6600000001,397220.4600000001,23390.150000000005,61368.89,13.32
CUST_00055,Client Account 0055,Retail Standard,West,Tier 1,0.0,22,51.0,558742.0,67470.03,491271.97,423751.34,22139.289999999997,60897.90999999999,12.4
CUST_00400,Client Account 0400,Retail Standard,South,Tier 2,0.0,27,74.0,591145.0,68927.34000000001,522217.66000000003,441574.73000000004,30867.960000000006,60354.08,11.56
CUST_00409,Client Account 0409,Retail Silver,East,Tier 2,0.0,24,64.0,738836.0,86811.48,652024.52,582855.57,27515.73,60255.38,9.24
CUST_00263,Client Account 0263,Retail Platinum,West,Tier 1,0.066,29,59.0,671265.0,67641.54999999999,603623.45,526607.4600000001,34384.93,58808.74,9.74
CUST_00117,Client Account 0117,Retail Gold,North,Tier 1,0.0,24,52.0,241360.0,20716.260000000002,220643.74,159128.28000000003,9920.25,58770.19000000002,26.64
CUST_00415,Client Account 0415,Retail Gold,South,Tier 2,0.0,24,58.0,703242.0,62584.50000000001,640657.5,577933.12,32320.989999999998,58673.080000000016,9.16
CUST_00338,Client Account 0338,Retail Standard,West,Tier 3,0.0,25,57.0,415432.0,60754.54,354677.46,294369.76999999996,15278.150000000001,58431.649999999994,16.47
CUST_00093,Client Account 0093,Retail Standard,East,Tier 1,0.0,24,59.0,452301.0,51040.219999999994,401260.77999999997,344099.16000000003,17707.170000000002,57856.98999999999,14.42
CUST_00495,Client Account 0495,Retail Standard,North,Tier 1,0.0,26,67.0,318722.0,19009.649999999998,299712.35,234874.72000000006,13737.609999999999,57067.31999999999,19.04
CUST_00445,Client Account 0445,Retail Silver,South,Tier 1,0.0,29,72.0,933642.0,113335.97999999998,820306.0199999999,745170.2599999997,41629.64,57035.66,6.95
CUST_00483,Client Account 0483,Retail Gold,North,Tier 1,0.0,30,84.0,837612.0,89085.05000000002,748526.95,670430.8099999999,33374.69,56991.96,7.61
CUST_00299,Client Account 0299,Retail Standard,West,Tier 1,0.0,18,39.0,307039.0,20513.04,286525.95999999996,229759.4,11696.799999999996,54952.36,19.18
CUST_00044,Client Account 0044,Retail Standard,East,Tier 3,0.0,23,52.0,333737.0,37252.2,296484.8000000001,234553.17000000007,15028.73,54669.57000000001,18.44
CUST_00374,Client Account 0374,Retail Platinum,East,Tier 2,0.075,26,67.0,693284.0,108582.37000000001,584701.6300000001,512513.80000000005,27247.519999999997,54515.04,9.32
CUST_00481,Client Account 0481,Retail Standard,West,Tier 1,0.0,23,54.0,575838.0,63865.119999999995,511972.8800000001,451540.27999999997,22689.839999999997,54244.43999999999,10.6
CUST_00448,Client Account 0448,Retail Standard,South,Tier 3,0.0,23,59.0,330216.0,51019.92,279196.08,222341.0,12521.739999999998,53169.240000000005,19.04
CUST_00279,Client Account 0279,Retail Standard,West,Tier 1,0.0,26,60.0,240824.0,17559.18,223264.82000000004,164572.33000000002,11526.139999999998,52323.73999999999,23.44
CUST_00363,Client Account 0363,Retail Gold,South,Tier 3,0.0,24,60.0,528614.0,59822.659999999996,468791.3400000001,394490.42,30030.889999999996,52053.8,11.1
CUST_00467,Client Account 0467,Retail Gold,South,Tier 1,0.0,19,45.0,257674.0,32971.12,224702.88,168947.11,12473.130000000001,51101.66,22.74
CUST_00440,Client Account 0440,Retail Standard,West,Tier 1,0.0,29,77.0,468081.0,58375.24,409705.76,351379.82,18438.469999999998,50980.09,12.44
CUST_00034,Client Account 0034,Retail Standard,East,Tier 1,0.0,28,69.0,947713.0,110566.48000000001,837146.52,758972.1199999999,46739.049999999996,50033.38,5.98
CUST_00339,Client Account 0339,Retail Gold,South,Tier 3,0.0,19,46.0,196025.0,16709.420000000002,179315.58,127643.66999999998,8535.380000000001,49255.149999999994,27.47
CUST_00127,Client Account 0127,Retail Gold,West,Tier 2,0.0,25,65.0,869747.0,62643.020000000004,807103.98,692551.5599999999,59994.64,48243.99999999999,5.98
CUST_00037,Client Account 0037,Retail Silver,North,Tier 3,0.0,32,77.0,956519.0,170109.0,786409.9999999999,729631.15,36616.52,46248.08000000002,5.88
CUST_00081,Client Account 0081,Retail Platinum,West,Tier 3,0.071,28,69.0,785243.0,127850.47,657392.5300000001,619264.8300000001,26113.0,46075.56,7.01
CUST_00095,Client Account 0095,Retail Platinum,North,Tier 2,0.05,26,67.0,1080869.0,142442.24000000002,938426.7599999999,873462.5399999999,47462.51000000001,45330.98000000001,4.83
CUST_00450,Client Account 0450,Retail Platinum,West,Tier 1,0.068,21,57.0,399928.0,79929.28,319998.72,279257.13999999996,15071.250000000002,39883.08,12.46
CUST_00322,Client Account 0322,Retail Gold,East,Tier 2,0.0,26,58.0,905170.0,125512.06,779657.94,731248.6600000003,36049.259999999995,39281.27,5.04
CUST_00435,Client Account 0435,Retail Platinum,North,Tier 3,0.063,19,46.0,902194.0,99196.97,802997.03,741451.3900000001,33002.11,36159.66,4.5
CUST_00327,Client Account 0327,Retail Silver,South,Tier 2,0.0,23,57.0,529975.0,86306.88,443668.12,410736.83,16426.929999999997,33932.67999999999,7.65
CUST_00309,Client Account 0309,Retail Standard,South,Tier 2,0.0,26,50.0,165648.0,6436.08,159211.92,121598.15000000001,7376.860000000001,31393.429999999997,19.72
CUST_00425,Client Account 0425,Retail Standard,North,Tier 1,0.0,26,71.0,754465.0,107148.23999999999,647316.76,596108.79,36198.100000000006,31061.55,4.8
CUST_00226,Client Account 0226,Retail Standard,South,Tier 2,0.0,21,40.0,244115.0,20393.85,223721.14999999997,188335.47000000003,10778.15,29768.550000000003,13.31
CUST_00244,Client Account 0244,B2B SMB,West,Tier 1,0.111,31,2166.0,30957944.0,5922079.28,25035864.72,24162997.53,1429941.0099999998,26954.230000000036,0.11
CUST_00209,Client Account 0209,Retail Platinum,South,Tier 1,0.079,22,48.0,605089.0,111791.09,493297.9100000001,468062.88999999996,25227.350000000006,24875.420000000002,5.04
CUST_00219,Client Account 0219,Retail Standard,South,Tier 1,0.0,17,42.0,473581.0,75352.92,398228.08,366845.12,19550.84,23071.47,5.79
CUST_00431,Client Account 0431,Retail Standard,West,Tier 3,0.0,19,42.0,368188.0,70466.68000000001,297721.32,273373.61,12919.11,20002.780000000006,6.72
CUST_00426,Client Account 0426,B2B SMB,North,Tier 1,0.139,29,2142.0,45143191.0,8038464.03,37104726.97,36100244.92,1725372.8000000005,-16101.629999999743,-0.04
CUST_00072,Client Account 0072,B2B Enterprise,East,Tier 3,0.187,26,1814.0,32987278.0,8164115.4399999995,24823162.56,26187983.85,1014267.0799999998,-56422.929999999986,-0.23
CUST_00115,Client Account 0115,B2B Enterprise,South,Tier 2,0.237,33,2930.0,19710068.0,5705187.56,14004880.439999998,14302311.43,834687.37,-281516.7299999997,-2.01
CUST_00281,Client Account 0281,B2B Enterprise,South,Tier 1,0.229,32,2529.0,21805918.0,5615602.950000002,16190315.05,16547418.420000002,697763.3799999999,-342687.36000000004,-2.12
CUST_00028,Client Account 0028,B2B Enterprise,North,Tier 2,0.19,20,1182.0,11951599.0,2540388.7499999995,9411210.25,9689635.620000003,409336.05000000005,-480474.33,-5.11
CUST_00214,Client Account 0214,B2B SMB,South,Tier 2,0.094,40,3297.0,38440025.0,8067773.400000001,30372251.600000005,30099029.63,1909276.5,-612705.9800000002,-2.02
CUST_00153,Client Account 0153,B2B Enterprise,East,Tier 2,0.211,27,2163.0,26278747.0,7238770.39,19039976.609999996,20010801.779999994,886072.78,-613678.6000000001,-3.22
CUST_00307,Client Account 0307,B2B Enterprise,West,Tier 2,0.206,25,1943.0,20218845.0,6198824.37,14020020.629999999,15626211.15,800992.71,-736125.6999999998,-5.25
CUST_00490,Client Account 0490,B2B SMB,South,Tier 1,0.114,31,2375.0,30635677.0,7621248.529999999,23014428.470000003,23380395.490000002,1300796.6799999995,-776629.02,-3.37
CUST_00026,Client Account 0026,B2B Enterprise,South,Tier 3,0.15,25,1736.0,14964524.0,4216640.760000001,10747883.239999998,11834402.729999999,486237.24,-927871.6499999999,-8.63
CUST_00070,Client Account 0070,B2B Enterprise,South,Tier 3,0.218,31,2495.0,30023882.0,9859378.76,20164503.24,23206632.82,1030970.32,-1102182.37,-5.47
CUST_00301,Client Account 0301,B2B Enterprise,North,Tier 1,0.211,35,2797.0,34070889.0,8017437.269999998,26053451.730000004,26625389.570000008,980110.6099999999,-1142038.36,-4.38
CUST_00428,Client Account 0428,B2B Enterprise,West,Tier 1,0.19,31,2364.0,31085592.0,7766870.500000002,23318721.5,23849408.560000006,1235323.3700000006,-1153429.3400000003,-4.95
CUST_00371,Client Account 0371,B2B Enterprise,West,Tier 1,0.232,30,2409.0,24334658.0,6837870.769999998,17496787.230000004,18301293.980000004,766247.3700000001,-1183243.1099999999,-6.76
CUST_00375,Client Account 0375,B2B Enterprise,East,Tier 1,0.229,36,2845.0,36469219.0,9507336.05,26961882.95000001,28363386.74,1237165.6300000001,-1529229.8899999994,-5.67
CUST_00162,Client Account 0162,B2B Enterprise,East,Tier 1,0.245,31,2441.0,24289172.0,6700845.169999998,17588326.83,18437049.270000003,964440.6700000003,-1593381.63,-9.06
CUST_00109,Client Account 0109,B2B Enterprise,East,Tier 1,0.25,31,2452.0,26384085.0,8074235.67,18309849.33,20562835.45,823322.66,-1641238.6099999999,-8.96
CUST_00016,Client Account 0016,B2B Enterprise,West,Tier 3,0.168,33,2425.0,25212540.0,8189531.279999999,17023008.719999995,19184632.860000007,649705.7599999998,-1674610.209999999,-9.84
CUST_00243,Client Account 0243,B2B Enterprise,North,Tier 2,0.216,42,3192.0,40211650.0,12434556.690000001,27777093.31,31850552.95,1053061.43,-2195415.5699999994,-7.9
CUST_00240,Client Account 0240,B2B Enterprise,West,Tier 2,0.233,36,3039.0,39523815.0,13255981.55,26267833.45,30545341.42,1159638.55,-2354319.8200000003,-8.96
CUST_00100,Client Account 0100,B2B Enterprise,South,Tier 2,0.211,37,3458.0,47429782.0,15086033.290000001,32343748.709999993,36629907.45999999,1469826.7500000002,-2605115.38,-8.05
CUST_00443,Client Account 0443,B2B Enterprise,North,Tier 2,0.241,28,2058.0,28702512.0,8459042.300000003,20243469.7,22133556.509999994,1295173.1399999997,-2751609.769999999,-13.59
