product_id,sku_code,product_name,category,subcategory,brand,list_price_inr,base_cogs_inr,price_elasticity_target,total_units_sold,total_gross_revenue_inr,total_discount_inr,total_net_revenue_inr,total_cogs_inr,total_gross_margin_inr,avg_gross_margin_pct,total_fulfillment_cost_inr,total_return_cost_inr,total_pocket_profit_inr,avg_pocket_margin_pct,avg_discount_waterfall_pct,avg_competitor_price_index
PROD_1027,SKU-CON-AUD-1027,AuraGadgets Audio & Headphone V3,Consumer Electronics,Audio & Headphones,AuraGadgets,68209,58323.52,-1.6,1255.0,85602295.0,21193627.67,64408667.32999998,73196017.60000001,-8787350.27,-13.64,4120937.8900000015,0.0,-9411355.969999999,-14.61,11.61,0.999
PROD_1024,SKU-CON-AUD-1024,VoltDevices Audio & Headphone V3,Consumer Electronics,Audio & Headphones,VoltDevices,57419,47305.92,-1.8,1285.0,73783415.0,13686794.789999997,60096620.20999998,60788107.20000003,-691486.9900000022,-1.15,3217255.3099999996,368490.26,-2236865.61,-3.72,8.52,1.003
PROD_1031,SKU-CON-LAP-1031,TechMax Laptops & Tablet V1,Consumer Electronics,Laptops & Tablets,TechMax,60849,48094.49,-2.11,1083.0,65899467.0,9213816.440000001,56685650.559999995,52086332.669999965,4599317.889999999,8.11,2423050.2399999998,0.0,2941139.5799999987,5.19,8.85,1.02
PROD_1014,SKU-CON-SMA-1014,KritiTech Smartphone V2,Consumer Electronics,Smartphones,KritiTech,70549,55770.2,-1.46,923.0,65116727.0,10711736.840000002,54404990.16,51475894.599999994,2929095.5600000015,5.38,2563591.2800000003,0.0,756472.7300000002,1.39,6.93,1.018
PROD_1006,SKU-CON-SMA-1006,SonicX Smartphone V3,Consumer Electronics,Smartphones,SonicX,46469,40244.51,-1.91,1306.0,60688514.0,7487642.899999999,53200871.1,52559330.06,641541.0400000002,1.21,2368742.4,0.0,-869434.73,-1.63,8.39,1.033
PROD_1021,SKU-CON-AUD-1021,SonicX Audio & Headphone V3,Consumer Electronics,Audio & Headphones,SonicX,64939,53098.68,-2.15,961.0,62406379.0,12365099.940000001,50041279.06000001,51027831.47999995,-986552.4199999996,-1.97,2242832.6100000017,0.0,55541.29000000025,0.11,8.68,0.997
PROD_1029,SKU-CON-AUD-1029,KritiTech Audio & Headphone V2,Consumer Electronics,Audio & Headphones,KritiTech,69829,55806.5,-1.5,883.0,61659007.0,13324909.440000001,48334097.559999995,49277139.5,-943041.9400000004,-1.95,2017711.2300000007,0.0,101157.71000000037,0.21,7.69,1.018
PROD_1036,SKU-CON-LAP-1036,SonicX Laptops & Tablet V3,Consumer Electronics,Laptops & Tablets,SonicX,72239,61751.47,-1.96,771.0,55696269.0,9041216.55,46655052.449999996,47610383.36999995,-955330.9200000027,-2.05,1754585.3199999994,0.0,-1534298.7499999984,-3.29,9.21,1.016
PROD_1023,SKU-CON-AUD-1023,VoltDevices Audio & Headphone V2,Consumer Electronics,Audio & Headphones,VoltDevices,66709,55553.82,-1.63,786.0,52433274.0,8327618.020000001,44105655.980000004,43665302.52000003,440353.4600000004,1.0,1858254.7799999993,0.0,772128.47,1.75,7.26,1.03
PROD_1050,SKU-CON-WEA-1050,SonicX Wearable V2,Consumer Electronics,Wearables,SonicX,54859,43354.46,-1.58,1006.0,55188154.0,11338861.559999999,43849292.44,43614586.76000004,234705.68000000055,0.54,2221077.2700000014,0.0,-569528.2099999998,-1.3,10.43,1.02
PROD_1003,SKU-CON-SMA-1003,TechMax Smartphone V3,Consumer Electronics,Smartphones,TechMax,45679,36963.12,-1.42,1217.0,55591343.0,12146137.47,43445205.53,44984117.03999998,-1538911.51,-3.54,1898543.8100000003,0.0,-1949192.3800000004,-4.49,11.56,1.008
PROD_1044,SKU-CON-LAP-1044,KritiTech Laptops & Tablet V2,Consumer Electronics,Laptops & Tablets,KritiTech,39139,33555.84,-2.06,1326.0,51898314.0,11062638.34,40835675.66000001,44495043.84000002,-3659368.1800000006,-8.96,1748974.1399999992,0.0,-3523494.1900000004,-8.63,9.96,1.007
PROD_1058,SKU-CON-WEA-1058,KritiTech Wearable V1,Consumer Electronics,Wearables,KritiTech,67059,54779.57,-1.8,692.0,46404828.0,6523767.75,39881060.25,37907462.44000001,1973597.8099999996,4.95,1685827.7399999998,0.0,1646090.3499999996,4.13,9.28,0.999
PROD_1052,SKU-CON-WEA-1052,VoltDevices Wearable V1,Consumer Electronics,Wearables,VoltDevices,46069,40498.35,-1.67,1050.0,48372450.0,9228403.869999997,39144046.129999995,42523267.500000015,-3379221.37,-8.63,1666027.3200000005,13030.4,-2713565.0900000003,-6.93,6.81,0.988
PROD_1020,SKU-CON-AUD-1020,SonicX Audio & Headphone V2,Consumer Electronics,Audio & Headphones,SonicX,58189,50775.46,-2.11,780.0,45387420.0,7742919.28,37644500.720000006,39604858.800000034,-1960358.0799999987,-5.21,1873490.5799999996,24627.58,-3234713.4399999995,-8.59,8.87,1.0
PROD_1004,SKU-CON-SMA-1004,SonicX Smartphone V1,Consumer Electronics,Smartphones,SonicX,62679,53826.6,-2.05,730.0,45755670.0,9490352.739999998,36265317.25999999,39293418.000000015,-3028100.7400000007,-8.35,1498130.3599999999,0.0,-2723539.18,-7.51,10.6,1.005
PROD_1059,SKU-CON-WEA-1059,KritiTech Wearable V2,Consumer Electronics,Wearables,KritiTech,43899,36469.02,-1.62,883.0,38762817.0,6431247.399999999,32331569.599999998,32202144.659999974,129424.93999999974,0.4,1248997.6800000002,0.0,-671385.8999999996,-2.08,8.29,1.022
PROD_1049,SKU-CON-WEA-1049,SonicX Wearable V1,Consumer Electronics,Wearables,SonicX,67679,55272.75,-1.92,576.0,38983104.0,7233802.25,31749301.749999996,31837104.0,-87802.25000000026,-0.28,1368734.86,0.0,284789.42000000016,0.9,7.8,1.008
PROD_1040,SKU-CON-LAP-1040,AuraGadgets Laptops & Tablet V1,Consumer Electronics,Laptops & Tablets,AuraGadgets,50899,40914.55,-1.62,794.0,40413806.0,9096923.77,31316882.230000008,32486152.700000003,-1169270.4699999997,-3.73,1498032.85,18973.59,-589115.9399999997,-1.88,8.1,1.005
PROD_1030,SKU-CON-AUD-1030,KritiTech Audio & Headphone V3,Consumer Electronics,Audio & Headphones,KritiTech,60569,52170.68,-1.77,571.0,34584899.0,4713176.739999999,29871722.26,29789458.279999986,82263.97999999873,0.28,1408156.9100000001,0.0,-665315.3000000002,-2.23,8.95,1.012
PROD_1010,SKU-CON-SMA-1010,AuraGadgets Smartphone V1,Consumer Electronics,Smartphones,AuraGadgets,23889,20788.99,-1.85,1485.0,35475165.0,5630565.619999999,29844599.380000006,30871650.150000002,-1027050.7699999994,-3.44,1493635.0499999998,0.0,-1643546.2400000005,-5.51,10.46,1.011
PROD_1051,SKU-CON-WEA-1051,SonicX Wearable V3,Consumer Electronics,Wearables,SonicX,48689,42436.65,-1.48,681.0,33157209.0,4680668.310000001,28476540.689999998,28899358.650000006,-422817.9600000006,-1.48,1105992.03,0.0,-1134594.6399999994,-3.98,6.05,1.002
PROD_1013,SKU-CON-SMA-1013,KritiTech Smartphone V1,Consumer Electronics,Smartphones,KritiTech,41679,35907.07,-1.58,807.0,33634953.0,6278274.489999999,27356678.509999994,28977005.490000017,-1620326.9800000011,-5.92,1065142.61,0.0,-1512009.8499999999,-5.53,8.3,1.013
PROD_1045,SKU-CON-LAP-1045,KritiTech Laptops & Tablet V3,Consumer Electronics,Laptops & Tablets,KritiTech,52279,43983.71,-2.09,727.0,38006833.0,11275796.099999998,26731036.9,31976157.17000001,-5245120.269999998,-19.62,1058627.1000000003,0.0,-3667934.29,-13.72,10.83,1.016
PROD_1025,SKU-CON-AUD-1025,AuraGadgets Audio & Headphone V1,Consumer Electronics,Audio & Headphones,AuraGadgets,39919,33422.02,-2.11,728.0,29061032.0,5631173.74,23429858.259999998,24331230.55999999,-901372.2999999996,-3.85,891532.3,0.0,-704289.5099999994,-3.01,8.9,1.005
PROD_1007,SKU-CON-SMA-1007,VoltDevices Smartphone V1,Consumer Electronics,Smartphones,VoltDevices,35019,28067.11,-1.79,813.0,28470447.0,5348311.799999998,23122135.2,22818560.429999992,303574.77000000014,1.31,815934.7199999999,0.0,508125.22000000003,2.2,10.5,1.025
PROD_1048,SKU-CON-WEA-1048,TechMax Wearable V3,Consumer Electronics,Wearables,TechMax,40429,34599.74,-1.48,753.0,30443037.0,7357956.72,23085080.279999994,26053604.220000003,-2968523.939999999,-12.86,968019.89,0.0,-2229485.890000001,-9.66,10.48,0.997
PROD_1037,SKU-CON-LAP-1037,VoltDevices Laptops & Tablet V1,Consumer Electronics,Laptops & Tablets,VoltDevices,22439,19663.55,-1.8,1219.0,27353141.0,4352425.500000001,23000715.500000007,23969867.45,-969151.9500000009,-4.21,956139.3499999996,0.0,-1687186.5900000005,-7.34,7.4,1.016
PROD_1028,SKU-CON-AUD-1028,KritiTech Audio & Headphone V1,Consumer Electronics,Audio & Headphones,KritiTech,18319,15979.7,-2.07,1453.0,26617507.0,4209358.13,22408148.870000005,23218504.1,-810355.2300000003,-3.62,1087964.0300000003,0.0,-1056302.9100000001,-4.71,10.24,1.024
PROD_1047,SKU-CON-WEA-1047,TechMax Wearable V2,Consumer Electronics,Wearables,TechMax,20459,16653.66,-1.76,1336.0,27333224.0,5885706.500000002,21447517.5,22249289.760000017,-801772.2600000002,-3.74,1067285.7899999998,0.0,-986616.3699999994,-4.6,11.43,1.008
PROD_1001,SKU-CON-SMA-1001,TechMax Smartphone V1,Consumer Electronics,Smartphones,TechMax,29029,22785.69,-1.72,887.0,25748723.0,4388430.050000001,21360292.95,20210907.030000005,1149385.92,5.38,1037594.4599999994,0.0,1041186.8100000002,4.87,10.66,1.006
PROD_1035,SKU-CON-LAP-1035,SonicX Laptops & Tablet V2,Consumer Electronics,Laptops & Tablets,SonicX,39629,32087.53,-1.42,710.0,28136590.0,7047859.130000003,21088730.869999986,22782146.299999993,-1693415.430000001,-8.03,908205.2199999997,0.0,-1093618.3199999998,-5.19,11.31,1.019
PROD_1005,SKU-CON-SMA-1005,SonicX Smartphone V2,Consumer Electronics,Smartphones,SonicX,23859,19743.9,-1.97,1061.0,25314399.0,4549959.029999999,20764439.97,20948277.900000006,-183837.93000000063,-0.89,906550.3499999999,0.0,-146516.69999999998,-0.71,9.99,1.021
PROD_1056,SKU-CON-WEA-1056,AuraGadgets Wearable V2,Consumer Electronics,Wearables,AuraGadgets,49829,41017.7,-1.91,485.0,24167065.0,3621920.519999999,20545144.48,19893584.500000004,651559.9800000006,3.17,970392.3099999996,0.0,423993.48,2.06,9.41,1.023
PROD_1055,SKU-CON-WEA-1055,AuraGadgets Wearable V1,Consumer Electronics,Wearables,AuraGadgets,25419,20471.21,-1.52,926.0,23537994.0,4039994.170000001,19497999.83,18956340.460000012,541659.3699999999,2.78,991101.7299999996,0.0,-290888.81000000006,-1.49,7.83,0.994
PROD_1054,SKU-CON-WEA-1054,VoltDevices Wearable V3,Consumer Electronics,Wearables,VoltDevices,49419,42380.4,-2.01,520.0,25697880.0,6460941.209999999,19236938.79,22037807.999999996,-2800869.2099999995,-14.56,801618.2700000001,0.0,-2995864.3,-15.57,11.76,1.001
PROD_1008,SKU-CON-SMA-1008,VoltDevices Smartphone V2,Consumer Electronics,Smartphones,VoltDevices,45039,39425.11,-2.06,452.0,20357628.0,1902762.63,18454865.37,17820149.719999995,634715.6499999999,3.44,1038158.1399999995,0.0,-338248.53999999986,-1.83,5.71,1.029
PROD_1016,SKU-CON-AUD-1016,TechMax Audio & Headphone V1,Consumer Electronics,Audio & Headphones,TechMax,30069,25644.8,-1.91,759.0,22822371.0,4387006.969999999,18435364.02999999,19464403.200000003,-1029039.1700000006,-5.58,854608.1599999997,1832.06,-1611018.5799999991,-8.74,7.48,0.997
PROD_1129,SKU-HOM-SMA-1129,PureHome Small Appliance V3,Home & Kitchen,Small Appliances,PureHome,14039,7601.13,-1.18,1598.0,22434322.0,4433684.69,18000637.310000002,12146605.740000004,5854031.57,32.52,722209.5500000002,2189.39,5801234.52,32.23,13.26,0.91
PROD_1046,SKU-CON-WEA-1046,TechMax Wearable V1,Consumer Electronics,Wearables,TechMax,26569,23079.23,-1.5,860.0,22849340.0,5088999.680000001,17760340.32,19848137.800000016,-2087797.4799999993,-11.76,929718.1300000002,0.0,-1576418.3800000001,-8.88,9.66,1.024
PROD_1128,SKU-HOM-SMA-1128,PureHome Small Appliance V2,Home & Kitchen,Small Appliances,PureHome,14289,8057.35,-0.95,1494.0,21347766.0,4116889.53,17230876.47,12037680.899999999,5193195.57,30.14,1057997.4000000001,0.0,5110761.079999997,29.66,12.4,0.911
PROD_1012,SKU-CON-SMA-1012,AuraGadgets Smartphone V3,Consumer Electronics,Smartphones,AuraGadgets,20519,16697.29,-1.78,985.0,20211215.0,3241017.1,16970197.900000002,16446830.649999999,523367.2499999994,3.08,819965.4800000008,0.0,20133.06000000005,0.12,6.01,1.03
PROD_1017,SKU-CON-AUD-1017,TechMax Audio & Headphone V2,Consumer Electronics,Audio & Headphones,TechMax,22149,18289.1,-1.56,904.0,20022696.0,4844717.21,15177978.790000001,16533346.4,-1355367.6099999999,-8.93,803572.9699999996,3721.91,-1414351.8800000004,-9.32,9.09,1.013
PROD_1180,SKU-HOM-STO-1180,SmartLiving Storage Solution V3,Home & Kitchen,Storage Solutions,SmartLiving,12589,6616.72,-0.76,1458.0,18354762.0,3389953.35,14964808.65,9647177.760000002,5317630.889999999,35.53,603587.0200000001,0.0,5348856.799999998,35.74,9.13,0.9
PROD_1060,SKU-CON-WEA-1060,KritiTech Wearable V3,Consumer Electronics,Wearables,KritiTech,22139,19428.49,-2.06,847.0,18751733.0,4796480.76,13955252.240000006,16455931.030000022,-2500678.789999998,-17.92,646356.8499999997,0.0,-2155730.91,-15.45,9.54,1.012
PROD_1172,SKU-HOM-STO-1172,PureHome Storage Solution V1,Home & Kitchen,Storage Solutions,PureHome,13999,8272.26,-1.03,1111.0,15552889.0,2551317.7499999995,13001571.249999998,9190480.859999992,3811090.390000001,29.31,616984.4600000001,0.0,3374399.0500000003,25.95,9.0,0.89
PROD_1032,SKU-CON-LAP-1032,TechMax Laptops & Tablet V2,Consumer Electronics,Laptops & Tablets,TechMax,18249,15279.69,-1.51,768.0,14015232.0,1544066.1400000001,12471165.860000003,11734801.920000004,736363.94,5.9,624114.7799999998,3388.55,165469.00000000003,1.33,8.01,0.983
PROD_1171,SKU-HOM-STO-1171,LivingSpace Storage Solution V3,Home & Kitchen,Storage Solutions,LivingSpace,12399,7919.68,-0.8,1144.0,14184456.0,2453241.3399999994,11731214.66,9060113.919999998,2671100.7399999993,22.77,769811.6199999999,0.0,2207556.83,18.82,9.14,0.87
PROD_1022,SKU-CON-AUD-1022,VoltDevices Audio & Headphone V1,Consumer Electronics,Audio & Headphones,VoltDevices,24359,20643.81,-1.69,578.0,14079502.0,2446374.3600000003,11633127.639999999,11932122.179999996,-298994.53999999986,-2.57,549208.4599999997,0.0,-266064.3099999999,-2.29,9.27,1.004
PROD_1041,SKU-CON-LAP-1041,AuraGadgets Laptops & Tablet V2,Consumer Electronics,Laptops & Tablets,AuraGadgets,28529,23301.61,-1.77,472.0,13465688.0,2373413.0999999996,11092274.899999999,10998359.920000002,93914.98000000017,0.85,519254.8899999999,0.0,-227405.7000000001,-2.05,6.92,1.023
PROD_1123,SKU-HOM-SMA-1123,ChefCraft Small Appliance V3,Home & Kitchen,Small Appliances,ChefCraft,14289,7681.16,-0.83,950.0,13574550.0,2770379.89,10804170.110000001,7297102.000000003,3507068.11,32.46,433851.03000000014,0.0,3451469.770000002,31.95,10.79,0.892
PROD_1132,SKU-HOM-SMA-1132,HomeComfort Small Appliance V3,Home & Kitchen,Small Appliances,HomeComfort,12699,7683.01,-1.04,1071.0,13600629.0,3210421.4899999993,10390207.510000002,8228503.709999995,2161703.8,20.81,591338.6799999999,0.0,2273714.48,21.88,11.78,0.91
PROD_1173,SKU-HOM-STO-1173,PureHome Storage Solution V2,Home & Kitchen,Storage Solutions,PureHome,11719,7618.21,-0.94,1062.0,12445578.0,2511428.5599999996,9934149.440000001,8090539.019999995,1843610.4200000009,18.56,576621.0199999999,0.0,1826915.0099999988,18.39,8.85,0.88
PROD_1039,SKU-CON-LAP-1039,VoltDevices Laptops & Tablet V3,Consumer Electronics,Laptops & Tablets,VoltDevices,12149,10096.48,-2.01,950.0,11541550.0,1667535.2799999998,9874014.72,9591656.000000004,282358.7200000003,2.86,666475.3000000002,0.0,-145869.83000000002,-1.48,6.71,1.005
PROD_1137,SKU-HOM-COO-1137,ChefCraft Cookware & Dining V2,Home & Kitchen,Cookware & Dining,ChefCraft,9579,5964.79,-0.8,1258.0,12050382.0,2300981.159999999,9749400.839999998,7503705.820000003,2245695.0199999986,23.03,387084.65999999986,1975.86,2270862.0700000008,23.29,8.78,0.916
PROD_1163,SKU-HOM-HOM-1163,SmartLiving Home Decor V1,Home & Kitchen,Home Decor,SmartLiving,11999,7202.39,-0.88,1055.0,12658945.0,2976567.9399999995,9682377.06,7598521.449999997,2083855.6100000006,21.52,398404.82000000007,0.0,2403115.77,24.82,9.61,0.87
PROD_1057,SKU-CON-WEA-1057,AuraGadgets Wearable V3,Consumer Electronics,Wearables,AuraGadgets,20989,17958.21,-1.89,568.0,11921752.0,2425992.5500000003,9495759.449999997,10200263.280000005,-704503.8299999996,-7.42,503907.67000000016,0.0,-759070.59,-7.99,8.28,1.016
PROD_1002,SKU-CON-SMA-1002,TechMax Smartphone V2,Consumer Electronics,Smartphones,TechMax,12969,11210.41,-1.51,875.0,11347875.0,2090810.2899999998,9257064.709999999,9809108.750000004,-552044.0399999997,-5.96,404303.6999999999,0.0,-596483.92,-6.44,7.63,1.008
PROD_1143,SKU-HOM-COO-1143,PureHome Cookware & Dining V2,Home & Kitchen,Cookware & Dining,PureHome,13639,8514.54,-0.73,840.0,11456760.0,2242087.92,9214672.079999998,7152213.600000003,2062458.4799999997,22.38,364136.20999999973,0.0,2053822.7899999996,22.29,9.07,0.897
PROD_1141,SKU-HOM-COO-1141,LivingSpace Cookware & Dining V3,Home & Kitchen,Cookware & Dining,LivingSpace,10799,6975.35,-1.19,963.0,10399437.0,1307175.7600000002,9092261.24,6717262.050000003,2374999.1900000004,26.12,426196.06999999995,0.0,2115049.4099999997,23.26,9.8,0.894
PROD_1126,SKU-HOM-SMA-1126,LivingSpace Small Appliance V3,Home & Kitchen,Small Appliances,LivingSpace,10709,6363.55,-0.71,1021.0,10933889.0,1941402.4900000002,8992486.510000002,6497184.550000002,2495301.9599999995,27.75,377302.42999999993,0.0,2552103.85,28.38,10.59,0.901
PROD_1153,SKU-HOM-HOM-1153,ChefCraft Home Decor V3,Home & Kitchen,Home Decor,ChefCraft,7949,4527.25,-0.72,1385.0,11009365.0,2276792.32,8732572.680000003,6270241.25,2462331.4300000006,28.2,373400.4599999999,0.0,2476230.9000000004,28.36,9.82,0.899
PROD_1136,SKU-HOM-COO-1136,ChefCraft Cookware & Dining V1,Home & Kitchen,Cookware & Dining,ChefCraft,14349,8365.64,-0.8,737.0,10575213.0,2155492.4399999995,8419720.560000002,6165476.679999996,2254243.88,26.77,465011.2699999998,0.0,2100778.1,24.95,10.03,0.924
PROD_1164,SKU-HOM-HOM-1164,SmartLiving Home Decor V2,Home & Kitchen,Home Decor,SmartLiving,9129,5118.9,-1.12,1063.0,9704127.0,1601071.41,8103055.589999999,5441390.699999998,2661664.8900000006,32.85,342556.79000000004,0.0,2747512.91,33.91,8.43,0.928
PROD_1138,SKU-HOM-COO-1138,ChefCraft Cookware & Dining V3,Home & Kitchen,Cookware & Dining,ChefCraft,8189,4556.6,-0.69,1219.0,9982391.0,2020291.7900000003,7962099.210000002,5554495.400000002,2407603.809999999,30.24,391984.80000000016,2517.24,2577653.049999999,32.37,9.37,0.9
PROD_1157,SKU-HOM-HOM-1157,PureHome Home Decor V1,Home & Kitchen,Home Decor,PureHome,9579,5948.31,-0.75,953.0,9128787.0,1557612.45,7571174.550000002,5668739.430000001,1902435.1199999996,25.13,345579.59999999974,4697.57,1855615.8700000003,24.51,8.09,0.874
PROD_1125,SKU-HOM-SMA-1125,LivingSpace Small Appliance V2,Home & Kitchen,Small Appliances,LivingSpace,9089,6067.48,-0.61,969.0,8807241.0,1564780.4200000002,7242460.580000001,5879388.119999999,1363072.460000001,18.82,375032.57000000024,0.0,1150623.9300000004,15.89,8.41,0.9
PROD_1127,SKU-HOM-SMA-1127,PureHome Small Appliance V1,Home & Kitchen,Small Appliances,PureHome,10519,6879.23,-0.71,854.0,8983226.0,1804702.7500000002,7178523.25,5874862.420000005,1303660.8300000003,18.16,349275.99999999994,0.0,1273354.57,17.74,8.59,0.883
PROD_1160,SKU-HOM-HOM-1160,HomeComfort Home Decor V1,Home & Kitchen,Home Decor,HomeComfort,8359,5359.83,-0.97,982.0,8208538.0,1405415.3899999997,6803122.609999999,5263353.060000004,1539769.5499999996,22.63,343202.8399999999,0.0,1390884.2099999995,20.44,9.1,0.886
PROD_1159,SKU-HOM-HOM-1159,PureHome Home Decor V3,Home & Kitchen,Home Decor,PureHome,8059,4793.99,-0.93,957.0,7712463.0,1202999.1600000001,6509463.840000002,4587848.430000003,1921615.4100000004,29.52,248936.12000000008,0.0,1789662.1199999999,27.49,8.71,0.909
PROD_1131,SKU-HOM-SMA-1131,HomeComfort Small Appliance V2,Home & Kitchen,Small Appliances,HomeComfort,9239,5719.47,-0.69,822.0,7594458.0,1204433.0,6390025.000000001,4701404.34,1688620.6600000013,26.43,337142.6100000001,0.0,1634784.5999999999,25.58,11.79,0.908
PROD_1034,SKU-CON-LAP-1034,SonicX Laptops & Tablet V1,Consumer Electronics,Laptops & Tablets,SonicX,10309,8723.87,-1.94,755.0,7783295.0,1434208.71,6349086.29,6586521.850000005,-237435.55999999988,-3.74,342682.7599999999,0.0,-467973.9300000003,-7.37,7.37,1.028
PROD_1103,SKU-APP-FOO-1103,IndiStyle Footwear V1,Apparel & Fashion,Footwear,IndiStyle,5479,2913.42,-1.13,1388.0,7604852.0,1312390.3399999994,6292461.659999999,4043826.959999999,2248634.7,35.74,383486.61,0.0,2136027.11,33.95,8.03,0.987
PROD_1134,SKU-HOM-SMA-1134,SmartLiving Small Appliance V2,Home & Kitchen,Small Appliances,SmartLiving,14949,8836.82,-0.63,511.0,7638939.0,1428616.1399999994,6210322.860000003,4515615.019999998,1694707.8399999999,27.29,401379.02,982.08,1731609.6500000004,27.88,6.71,0.913
PROD_1092,SKU-APP-FOO-1092,VedaStyles Footwear V2,Apparel & Fashion,Footwear,VedaStyles,5679,2684.91,-1.17,1344.0,7632576.0,1563394.6099999994,6069181.389999998,3608519.040000001,2460662.3500000006,40.54,331645.45,1005.09,2334093.6600000015,38.46,10.84,0.993
PROD_1121,SKU-HOM-SMA-1121,ChefCraft Small Appliance V1,Home & Kitchen,Small Appliances,ChefCraft,9739,5538.38,-0.82,748.0,7284772.0,1269225.4600000002,6015546.539999999,4142708.2399999993,1872838.3000000003,31.13,296225.82000000007,5027.6,1721354.1500000004,28.62,7.83,0.901
PROD_1011,SKU-CON-SMA-1011,AuraGadgets Smartphone V2,Consumer Electronics,Smartphones,AuraGadgets,10469,8694.32,-1.47,699.0,7317831.0,1425919.67,5891911.330000002,6077329.6800000025,-185418.3499999999,-3.15,253713.07999999987,0.0,-347194.76000000024,-5.89,10.42,1.008
PROD_1074,SKU-APP-ETH-1074,IndiStyle Ethnic Wear V2,Apparel & Fashion,Ethnic Wear,IndiStyle,5019,2398.89,-1.43,1365.0,6850935.0,1183992.12,5666942.88,3274484.849999999,2392458.0300000003,42.22,263509.17999999993,0.0,2231934.219999999,39.39,7.64,1.005
PROD_1135,SKU-HOM-SMA-1135,SmartLiving Small Appliance V3,Home & Kitchen,Small Appliances,SmartLiving,12859,8235.22,-1.12,503.0,6468077.0,824531.9399999998,5643545.059999999,4142315.660000002,1501229.4000000008,26.6,301975.9999999999,0.0,1314225.72,23.29,7.33,0.9
PROD_1015,SKU-CON-SMA-1015,KritiTech Smartphone V3,Consumer Electronics,Smartphones,KritiTech,7999,6882.35,-1.94,872.0,6975128.0,1409039.8499999999,5566088.150000002,6001409.199999999,-435321.05,-7.82,227373.78999999992,0.0,-240003.6800000002,-4.31,8.39,1.017
PROD_1042,SKU-CON-LAP-1042,AuraGadgets Laptops & Tablet V3,Consumer Electronics,Laptops & Tablets,AuraGadgets,8139,6482.47,-2.05,741.0,6030999.0,713065.9199999999,5317933.08,4803510.27,514422.81000000023,9.67,219870.4499999999,0.0,335467.12000000005,6.31,9.39,1.027
PROD_1078,SKU-APP-WES-1078,VedaStyles Western Wear V3,Apparel & Fashion,Western Wear,VedaStyles,4869,2414.21,-1.75,1375.0,6694875.0,1423374.2300000007,5271500.770000002,3319538.749999997,1951962.020000001,37.03,262686.67999999993,0.0,1878776.83,35.64,8.54,0.999
PROD_1067,SKU-APP-ETH-1067,MetroTreads Ethnic Wear V1,Apparel & Fashion,Ethnic Wear,MetroTreads,5319,2137.42,-1.31,1199.0,6377481.0,1153254.96,5224226.039999998,2562766.5799999987,2661459.4599999995,50.94,318837.2899999998,0.0,2638591.0100000007,50.51,10.32,1.013
PROD_1122,SKU-HOM-SMA-1122,ChefCraft Small Appliance V2,Home & Kitchen,Small Appliances,ChefCraft,9099,4875.38,-1.03,729.0,6633171.0,1432746.7300000002,5200424.2700000005,3554152.020000001,1646272.2500000002,31.66,203602.17000000004,0.0,1922299.3000000003,36.96,10.65,0.886
PROD_1071,SKU-APP-ETH-1071,RoyaleFashions Ethnic Wear V2,Apparel & Fashion,Ethnic Wear,RoyaleFashions,5389,2599.66,-1.73,1216.0,6553024.0,1429017.2899999998,5124006.710000001,3161186.5599999996,1962820.1500000001,38.31,266181.22,521.18,1957110.2599999995,38.19,11.0,1.002
PROD_1176,SKU-HOM-STO-1176,HomeComfort Storage Solution V2,Home & Kitchen,Storage Solutions,HomeComfort,8359,5614.81,-1.12,698.0,5834582.0,794639.9599999998,5039942.04,3919137.3800000018,1120804.6600000001,22.24,216129.76000000004,0.0,976353.3300000002,19.37,6.35,0.888
PROD_1106,SKU-APP-FAS-1106,VedaStyles Fashion Accessorie V1,Apparel & Fashion,Fashion Accessories,VedaStyles,4849,1901.18,-1.45,1247.0,6046703.0,1017572.34,5029130.659999999,2370771.46,2658359.1999999997,52.86,230412.89000000007,0.0,2577807.09,51.26,8.56,0.989
PROD_1117,SKU-APP-FAS-1117,RoyaleFashions Fashion Accessorie V3,Apparel & Fashion,Fashion Accessories,RoyaleFashions,5789,2749.92,-1.19,1064.0,6159496.0,1139535.71,5019960.289999999,2925914.88,2094045.4099999997,41.71,252178.30000000002,0.0,1965755.7600000005,39.16,8.98,1.006
PROD_1112,SKU-APP-FAS-1112,MetroTreads Fashion Accessorie V1,Apparel & Fashion,Fashion Accessories,MetroTreads,4969,1791.57,-1.27,1228.0,6101932.0,1223248.56,4878683.4399999995,2200047.959999999,2678635.480000001,54.9,355585.9,0.0,2575427.079999999,52.79,11.11,0.967
PROD_1146,SKU-HOM-COO-1146,HomeComfort Cookware & Dining V2,Home & Kitchen,Cookware & Dining,HomeComfort,7319,3829.26,-1.0,818.0,5986942.0,1114347.04,4872594.959999999,3132334.6799999983,1740260.2799999996,35.72,270816.60000000003,0.0,1840205.94,37.77,11.1,0.892
PROD_1043,SKU-CON-LAP-1043,KritiTech Laptops & Tablet V1,Consumer Electronics,Laptops & Tablets,KritiTech,4499,3693.28,-2.19,1365.0,6141135.0,1288050.2099999993,4853084.789999999,5041327.2,-188242.41000000012,-3.88,286537.75999999995,0.0,-337488.2300000001,-6.95,9.93,0.993
PROD_1150,SKU-HOM-COO-1150,SmartLiving Cookware & Dining V3,Home & Kitchen,Cookware & Dining,SmartLiving,10279,6706.32,-1.18,583.0,5992657.0,1343897.0199999998,4648759.979999999,3909784.559999998,738975.4200000002,15.9,213022.64000000004,0.0,697854.66,15.01,8.97,0.917
PROD_1179,SKU-HOM-STO-1179,SmartLiving Storage Solution V2,Home & Kitchen,Storage Solutions,SmartLiving,7499,4605.18,-0.64,733.0,5496767.0,901402.3,4595364.699999999,3375596.940000001,1219767.7599999993,26.54,220121.75000000006,0.0,1075017.7199999995,23.39,6.72,0.874
PROD_1166,SKU-HOM-STO-1166,ChefCraft Storage Solution V1,Home & Kitchen,Storage Solutions,ChefCraft,5859,3059.32,-1.06,972.0,5694948.0,1189775.4,4505172.600000001,2973659.0399999996,1531513.56,33.99,231148.77,0.0,1424215.8499999999,31.61,12.03,0.898
PROD_1082,SKU-APP-WES-1082,MetroTreads Western Wear V1,Apparel & Fashion,Western Wear,MetroTreads,5749,2313.52,-1.37,943.0,5421307.0,1069204.77,4352102.230000001,2181649.3600000017,2170452.869999999,49.87,320052.61,877.56,2161297.2799999993,49.66,10.49,0.99
PROD_1097,SKU-APP-FOO-1097,MetroTreads Footwear V1,Apparel & Fashion,Footwear,MetroTreads,4539,1767.05,-1.68,1235.0,5605665.0,1273647.94,4332017.0600000005,2182306.7500000005,2149710.3099999996,49.62,224243.27000000005,0.0,2028919.0200000007,46.84,10.95,1.01
PROD_1095,SKU-APP-FOO-1095,UrbanWeave Footwear V2,Apparel & Fashion,Footwear,UrbanWeave,5139,2802.53,-1.6,1036.0,5324004.0,1013893.87,4310110.129999999,2903421.08,1406689.049999999,32.64,229575.59,0.0,1279738.2599999995,29.69,10.55,0.985
PROD_1061,SKU-APP-ETH-1061,VedaStyles Ethnic Wear V1,Apparel & Fashion,Ethnic Wear,VedaStyles,5669,2036.39,-1.54,877.0,4971713.0,731516.4200000003,4240196.580000001,1785914.03,2454282.55,57.88,270958.4799999999,72365.25,2220526.43,52.37,10.02,0.978
PROD_1064,SKU-APP-ETH-1064,UrbanWeave Ethnic Wear V1,Apparel & Fashion,Ethnic Wear,UrbanWeave,5179,2520.18,-1.41,1018.0,5272222.0,1055008.9200000002,4217213.08,2565543.2400000007,1651669.8399999996,39.16,199100.62000000002,660.38,1528593.7699999996,36.25,10.69,0.992
PROD_1174,SKU-HOM-STO-1174,PureHome Storage Solution V3,Home & Kitchen,Storage Solutions,PureHome,8009,5135.49,-0.83,693.0,5550237.0,1414445.47,4135791.5300000003,3558894.5700000003,576896.9600000002,13.95,173444.22000000003,0.0,697781.9000000003,16.87,9.18,0.88
PROD_1139,SKU-HOM-COO-1139,LivingSpace Cookware & Dining V1,Home & Kitchen,Cookware & Dining,LivingSpace,8639,5099.17,-0.96,576.0,4976064.0,858388.3299999998,4117675.669999999,2937121.92,1180553.7499999998,28.67,197707.85999999996,0.0,1166143.87,28.32,8.12,0.891
PROD_1018,SKU-CON-AUD-1018,TechMax Audio & Headphone V3,Consumer Electronics,Audio & Headphones,TechMax,6979,5452.77,-2.04,745.0,5199355.0,1190854.7000000002,4008500.3000000003,4062313.6500000022,-53813.35000000002,-1.34,192750.1,0.0,121287.77999999998,3.03,9.43,1.009
PROD_1154,SKU-HOM-HOM-1154,LivingSpace Home Decor V1,Home & Kitchen,Home Decor,LivingSpace,9719,6481.78,-0.65,486.0,4723434.0,739489.5500000002,3983944.45,3150145.0799999973,833799.3699999999,20.93,249516.38999999987,0.0,804371.6699999998,20.19,9.47,0.91
PROD_1063,SKU-APP-ETH-1063,VedaStyles Ethnic Wear V3,Apparel & Fashion,Ethnic Wear,VedaStyles,5799,2200.13,-1.53,784.0,4546416.0,660129.1800000002,3886286.82,1724901.9199999997,2161384.9,55.62,166338.65999999997,1305.65,2148365.1300000004,55.28,7.45,0.98
PROD_1009,SKU-CON-SMA-1009,VoltDevices Smartphone V3,Consumer Electronics,Smartphones,VoltDevices,6279,4929.71,-1.55,720.0,4520880.0,643754.49,3877125.51,3549391.1999999965,327734.3099999999,8.45,254470.1600000001,0.0,86814.23000000005,2.24,9.39,1.001
PROD_1130,SKU-HOM-SMA-1130,HomeComfort Small Appliance V1,Home & Kitchen,Small Appliances,HomeComfort,6139,3378.36,-1.11,731.0,4487609.0,653834.1900000001,3833774.8100000005,2469581.160000001,1364193.6500000004,35.58,208765.74999999994,500.8,1285210.1900000004,33.52,7.67,0.889
PROD_1165,SKU-HOM-HOM-1165,SmartLiving Home Decor V3,Home & Kitchen,Home Decor,SmartLiving,4829,3003.19,-0.86,993.0,4795197.0,1008430.4099999998,3786766.5899999994,2982167.669999997,804598.9200000002,21.25,185584.29000000004,0.0,864658.1300000001,22.83,10.16,0.9
PROD_1109,SKU-APP-FAS-1109,UrbanWeave Fashion Accessorie V1,Apparel & Fashion,Fashion Accessories,UrbanWeave,3899,2065.59,-1.31,1208.0,4709992.0,942353.1900000001,3767638.809999999,2495232.720000001,1272406.0899999999,33.77,167865.52000000005,0.0,1341839.1899999995,35.61,11.32,0.981
PROD_1038,SKU-CON-LAP-1038,VoltDevices Laptops & Tablet V2,Consumer Electronics,Laptops & Tablets,VoltDevices,5279,4498.42,-2.01,902.0,4761658.0,1039704.33,3721953.670000001,4057574.839999998,-335621.1699999999,-9.02,225382.47999999995,1180.77,-261463.0200000001,-7.02,10.29,1.032
PROD_1072,SKU-APP-ETH-1072,RoyaleFashions Ethnic Wear V3,Apparel & Fashion,Ethnic Wear,RoyaleFashions,3679,1997.0,-1.42,1164.0,4282356.0,613966.2400000001,3668389.76,2324508.0,1343881.7600000007,36.63,228754.41999999995,1832.17,1224511.3399999999,33.38,7.38,0.996
PROD_1100,SKU-APP-FOO-1100,RoyaleFashions Footwear V1,Apparel & Fashion,Footwear,RoyaleFashions,5219,2422.67,-1.27,808.0,4216952.0,670338.81,3546613.1900000013,1957517.3599999999,1589095.8299999996,44.81,240906.25000000003,0.0,1452681.2799999996,40.96,9.96,0.982
PROD_1065,SKU-APP-ETH-1065,UrbanWeave Ethnic Wear V2,Apparel & Fashion,Ethnic Wear,UrbanWeave,5649,2320.58,-1.73,764.0,4315836.0,771359.6500000003,3544476.350000001,1772923.1199999999,1771553.2300000002,49.98,189741.09000000003,0.0,1717727.0899999994,48.46,8.25,0.981
PROD_1147,SKU-HOM-COO-1147,HomeComfort Cookware & Dining V3,Home & Kitchen,Cookware & Dining,HomeComfort,9789,6280.39,-1.12,430.0,4209270.0,690085.3400000001,3519184.6599999997,2700567.6999999993,818616.9599999996,23.26,165093.07999999984,2168.29,799294.7800000001,22.71,7.6,0.907
PROD_1085,SKU-APP-WES-1085,RoyaleFashions Western Wear V1,Apparel & Fashion,Western Wear,RoyaleFashions,5199,2127.79,-1.73,872.0,4533528.0,1022003.8300000003,3511524.1700000004,1855432.880000001,1656091.2899999998,47.16,182446.68999999994,0.0,1666749.490000001,47.47,11.14,1.007
PROD_1175,SKU-HOM-STO-1175,HomeComfort Storage Solution V1,Home & Kitchen,Storage Solutions,HomeComfort,4899,2875.72,-0.91,909.0,4453191.0,949676.0700000001,3503514.9300000006,2614029.48,889485.4500000001,25.39,185304.17,0.0,799271.3600000001,22.81,9.68,0.886
PROD_1026,SKU-CON-AUD-1026,AuraGadgets Audio & Headphone V2,Consumer Electronics,Audio & Headphones,AuraGadgets,3809,3109.51,-1.79,1091.0,4155619.0,783564.6199999999,3372054.3800000004,3392475.409999998,-20421.030000000006,-0.61,186097.83000000007,0.0,-10284.889999999976,-0.31,8.6,1.014
PROD_1149,SKU-HOM-COO-1149,SmartLiving Cookware & Dining V2,Home & Kitchen,Cookware & Dining,SmartLiving,3379,2110.84,-0.92,1277.0,4314983.0,1016964.1099999999,3298018.89,2695542.6800000016,602476.21,18.27,242846.51,0.0,592209.3199999998,17.96,9.94,0.89
PROD_1069,SKU-APP-ETH-1069,MetroTreads Ethnic Wear V3,Apparel & Fashion,Ethnic Wear,MetroTreads,5269,1935.58,-1.45,725.0,3820025.0,525419.42,3294605.579999999,1403295.4999999993,1891310.08,57.41,156712.77000000008,0.0,1844768.9400000002,55.99,7.68,1.007
PROD_1156,SKU-HOM-HOM-1156,LivingSpace Home Decor V3,Home & Kitchen,Home Decor,LivingSpace,3419,2210.4,-0.91,1190.0,4068610.0,846930.7400000001,3221679.26,2630376.0,591303.26,18.35,168939.40000000002,0.0,526475.48,16.34,8.66,0.871
PROD_1089,SKU-APP-WES-1089,IndiStyle Western Wear V2,Apparel & Fashion,Western Wear,IndiStyle,4119,2131.22,-1.35,968.0,3987192.0,811550.0800000001,3175641.920000001,2063020.9599999988,1112620.9600000002,35.04,133703.49,2002.24,1124599.9199999997,35.41,9.11,0.993
PROD_1088,SKU-APP-WES-1088,IndiStyle Western Wear V1,Apparel & Fashion,Western Wear,IndiStyle,2559,1087.13,-1.2,1525.0,3902475.0,836626.6599999999,3065848.3399999994,1657873.2499999995,1407975.0900000003,45.92,202862.03,1016.56,1265430.1100000003,41.28,9.97,0.987
PROD_1077,SKU-APP-WES-1077,VedaStyles Western Wear V2,Apparel & Fashion,Western Wear,VedaStyles,4489,1592.83,-1.57,805.0,3613645.0,606495.33,3007149.6699999995,1282228.1500000001,1724921.5199999996,57.36,158107.27,0.0,1677494.59,55.78,10.06,1.016
PROD_1144,SKU-HOM-COO-1144,PureHome Cookware & Dining V3,Home & Kitchen,Cookware & Dining,PureHome,6429,3731.82,-0.63,538.0,3458802.0,465980.36,2992821.6400000006,2007719.16,985102.4800000001,32.92,197748.21,510.11,832631.5000000002,27.82,8.45,0.891
PROD_1104,SKU-APP-FOO-1104,IndiStyle Footwear V2,Apparel & Fashion,Footwear,IndiStyle,5729,2493.9,-1.49,609.0,3488961.0,605200.11,2883760.8900000015,1518785.0999999999,1364975.7900000005,47.33,150540.42999999996,3000.22,1266307.51,43.91,10.27,0.994
PROD_1081,SKU-APP-WES-1081,UrbanWeave Western Wear V3,Apparel & Fashion,Western Wear,UrbanWeave,3519,1432.52,-1.6,990.0,3483810.0,613783.9800000001,2870026.0200000005,1418194.800000001,1451831.22,50.59,191317.77999999994,0.0,1312461.6299999997,45.73,9.58,0.977
PROD_1087,SKU-APP-WES-1087,RoyaleFashions Western Wear V3,Apparel & Fashion,Western Wear,RoyaleFashions,2689,1147.75,-1.77,1349.0,3627461.0,785384.2999999998,2842076.7,1548314.75,1293761.9499999995,45.52,196648.08000000002,0.0,1205483.250000001,42.42,10.94,0.991
PROD_1168,SKU-HOM-STO-1168,ChefCraft Storage Solution V3,Home & Kitchen,Storage Solutions,ChefCraft,3449,2187.99,-0.66,1079.0,3721471.0,892252.8400000002,2829218.1600000006,2360841.21,468376.95000000007,16.55,139416.92000000007,0.0,471475.11,16.66,9.62,0.891
PROD_1098,SKU-APP-FOO-1098,MetroTreads Footwear V2,Apparel & Fashion,Footwear,MetroTreads,4629,1798.98,-1.51,758.0,3508782.0,712426.2499999999,2796355.7500000005,1363626.8399999992,1432728.9100000004,51.24,176516.74000000005,1128.31,1532928.0100000002,54.82,7.61,0.962
PROD_1075,SKU-APP-ETH-1075,IndiStyle Ethnic Wear V3,Apparel & Fashion,Ethnic Wear,IndiStyle,4729,2396.83,-1.74,698.0,3300842.0,553780.07,2747061.9300000006,1672987.3400000008,1074074.5899999999,39.1,151251.02000000005,0.0,1037742.5200000003,37.78,8.04,0.981
PROD_1162,SKU-HOM-HOM-1162,HomeComfort Home Decor V3,Home & Kitchen,Home Decor,HomeComfort,2499,1343.25,-0.79,1313.0,3281187.0,662027.56,2619159.4400000004,1763687.25,855472.1900000002,32.66,171210.0300000001,0.0,752665.0499999998,28.74,11.15,0.9
PROD_1124,SKU-HOM-SMA-1124,LivingSpace Small Appliance V1,Home & Kitchen,Small Appliances,LivingSpace,4739,3079.88,-0.99,659.0,3123001.0,530677.96,2592323.039999999,2029640.9199999992,562682.1199999998,21.71,147314.32,0.0,507533.29000000004,19.58,8.75,0.906
PROD_1070,SKU-APP-ETH-1070,RoyaleFashions Ethnic Wear V1,Apparel & Fashion,Ethnic Wear,RoyaleFashions,4889,2053.42,-1.24,598.0,2923622.0,385600.31999999983,2538021.6799999992,1227945.1600000001,1310076.5200000007,51.62,147245.2400000001,10143.1,1183383.2799999998,46.63,8.98,0.971
PROD_1066,SKU-APP-ETH-1066,UrbanWeave Ethnic Wear V3,Apparel & Fashion,Ethnic Wear,UrbanWeave,3879,1365.37,-1.44,835.0,3238965.0,772611.4499999998,2466353.5500000003,1140083.9499999997,1326269.5999999996,53.77,100096.3,793.2,1349846.3599999999,54.73,8.92,1.004
PROD_1086,SKU-APP-WES-1086,RoyaleFashions Western Wear V2,Apparel & Fashion,Western Wear,RoyaleFashions,3199,1456.52,-1.5,889.0,2843911.0,433323.73000000004,2410587.2700000005,1294846.2800000007,1115740.9899999993,46.29,106878.79000000001,0.0,1022074.0599999999,42.4,5.69,0.989
PROD_1073,SKU-APP-ETH-1073,IndiStyle Ethnic Wear V1,Apparel & Fashion,Ethnic Wear,IndiStyle,2069,893.46,-1.77,1362.0,2817978.0,604472.85,2213505.1499999994,1216892.5199999993,996612.6300000001,45.02,98126.29000000004,0.0,1044070.29,47.17,11.66,0.971
PROD_1178,SKU-HOM-STO-1178,SmartLiving Storage Solution V1,Home & Kitchen,Storage Solutions,SmartLiving,4409,2517.36,-0.84,617.0,2720353.0,525640.9799999999,2194712.0199999996,1553211.1200000003,641500.9000000006,29.23,113543.69,0.0,564886.99,25.74,7.46,0.908
PROD_1142,SKU-HOM-COO-1142,PureHome Cookware & Dining V1,Home & Kitchen,Cookware & Dining,PureHome,5779,3384.26,-0.94,505.0,2918395.0,741601.74,2176793.26,1709051.3000000007,467741.95999999985,21.49,102650.40000000007,0.0,523099.8200000001,24.03,11.07,0.862
PROD_1170,SKU-HOM-STO-1170,LivingSpace Storage Solution V2,Home & Kitchen,Storage Solutions,LivingSpace,2389,1472.44,-0.68,1248.0,2981472.0,804858.89,2176613.11,1837605.119999999,339007.9899999999,15.58,183938.16000000003,0.0,301757.2999999998,13.86,10.55,0.901
PROD_1108,SKU-APP-FAS-1108,VedaStyles Fashion Accessorie V3,Apparel & Fashion,Fashion Accessories,VedaStyles,2429,1279.08,-1.27,1082.0,2628178.0,458573.35,2169604.65,1383964.5599999998,785640.0900000001,36.21,103742.36999999998,0.0,745493.8000000002,34.36,9.38,0.988
PROD_1113,SKU-APP-FAS-1113,MetroTreads Fashion Accessorie V2,Apparel & Fashion,Fashion Accessories,MetroTreads,2569,1370.05,-1.41,971.0,2494499.0,328729.23999999993,2165769.76,1330318.5499999998,835451.2099999997,38.58,158947.6,0.0,683428.3499999999,31.56,7.13,0.966
PROD_1145,SKU-HOM-COO-1145,HomeComfort Cookware & Dining V1,Home & Kitchen,Cookware & Dining,HomeComfort,2889,1536.21,-1.05,971.0,2805219.0,652356.4099999999,2152862.59,1491659.91,661202.6799999995,30.71,127379.41,0.0,625159.2999999999,29.04,8.88,0.922
PROD_1105,SKU-APP-FOO-1105,IndiStyle Footwear V3,Apparel & Fashion,Footwear,IndiStyle,2109,1021.32,-1.27,1099.0,2317791.0,311096.48,2006694.5199999998,1122430.6800000004,884263.8399999997,44.07,146743.08000000002,0.0,770738.9800000003,38.41,8.98,0.994
PROD_1102,SKU-APP-FOO-1102,RoyaleFashions Footwear V3,Apparel & Fashion,Footwear,RoyaleFashions,2259,837.85,-1.79,1103.0,2491677.0,518363.69,1973313.31,924148.5500000002,1049164.7599999995,53.17,156299.42,0.0,978830.69,49.6,9.03,0.995
PROD_1114,SKU-APP-FAS-1114,MetroTreads Fashion Accessorie V3,Apparel & Fashion,Fashion Accessories,MetroTreads,2829,1043.13,-1.46,784.0,2217936.0,404165.09,1813770.9100000004,817813.9200000003,995956.99,54.91,82593.42000000001,0.0,997996.4899999998,55.02,8.59,0.995
PROD_1151,SKU-HOM-HOM-1151,ChefCraft Home Decor V1,Home & Kitchen,Home Decor,ChefCraft,3199,2032.73,-1.15,621.0,1986579.0,349052.4999999999,1637526.5000000002,1262325.3299999991,375201.1699999999,22.91,75663.81999999999,0.0,335827.1200000001,20.51,8.78,0.881
PROD_1091,SKU-APP-FOO-1091,VedaStyles Footwear V1,Apparel & Fashion,Footwear,VedaStyles,2629,1107.71,-1.42,757.0,1990153.0,382511.6100000001,1607641.3900000008,838536.47,769104.9199999998,47.84,115211.38000000002,0.0,717301.8700000002,44.62,10.78,0.993
PROD_1167,SKU-HOM-STO-1167,ChefCraft Storage Solution V2,Home & Kitchen,Storage Solutions,ChefCraft,2239,1467.76,-1.1,886.0,1983754.0,390159.19,1593594.81,1300435.3600000003,293159.4499999999,18.4,91653.89999999998,0.0,257122.32999999993,16.13,9.32,0.925
PROD_1133,SKU-HOM-SMA-1133,SmartLiving Small Appliance V1,Home & Kitchen,Small Appliances,SmartLiving,1599,866.09,-0.6,1148.0,1835652.0,331771.72000000015,1503880.2799999996,994271.3200000002,509608.9599999999,33.89,138788.34000000003,0.0,411839.12999999995,27.39,9.64,0.889
PROD_1238,SKU-FMC-HOM-1238,VitalFoods Home Hygiene V1,FMCG & Personal Care,Home Hygiene,VitalFoods,1319,937.0,-0.57,1336.0,1762184.0,273660.84,1488523.16,1251832.0,236691.15999999992,15.9,90543.95999999996,0.0,191708.10000000006,12.88,9.25,0.983
PROD_1068,SKU-APP-ETH-1068,MetroTreads Ethnic Wear V2,Apparel & Fashion,Ethnic Wear,MetroTreads,2479,1217.89,-1.23,691.0,1712989.0,290920.56999999995,1422068.4300000002,841561.9900000009,580506.4399999998,40.82,119625.15,0.0,502968.7599999999,35.37,8.37,0.952
PROD_1140,SKU-HOM-COO-1140,LivingSpace Cookware & Dining V2,Home & Kitchen,Cookware & Dining,LivingSpace,2699,1822.89,-0.83,674.0,1819126.0,417813.30000000005,1401312.700000001,1228627.8600000006,172684.83999999997,12.32,109939.33000000003,0.0,151644.1,10.82,7.94,0.88
PROD_1053,SKU-CON-WEA-1053,VoltDevices Wearable V2,Consumer Electronics,Wearables,VoltDevices,1869,1614.66,-1.65,924.0,1726956.0,340169.22,1386786.78,1491945.8399999996,-105159.06000000006,-7.58,101249.18000000004,0.0,-154061.11000000002,-11.11,8.54,1.023
PROD_1188,SKU-FMC-SKI-1188,CleanGlow Skincare & Grooming V2,FMCG & Personal Care,Skincare & Grooming,CleanGlow,1369,967.01,-0.43,1178.0,1612682.0,272492.61,1340189.39,1139137.780000001,201051.61,15.0,57799.90000000002,0.0,178445.43,13.31,8.68,0.98
PROD_1080,SKU-APP-WES-1080,UrbanWeave Western Wear V2,Apparel & Fashion,Western Wear,UrbanWeave,2749,1416.67,-1.62,578.0,1588922.0,276590.64,1312331.36,818835.2600000001,493496.1,37.6,71957.78,0.0,486130.19000000006,37.04,8.62,0.977
PROD_1216,SKU-FMC-BEV-1216,FreshBite Beverage V3,FMCG & Personal Care,Beverages,FreshBite,1179,863.04,-0.68,1409.0,1661211.0,353809.63999999996,1307401.36,1216023.3599999999,91378.00000000001,6.99,63835.11999999998,0.0,97673.34000000001,7.47,10.19,1.023
PROD_1099,SKU-APP-FOO-1099,MetroTreads Footwear V3,Apparel & Fashion,Footwear,MetroTreads,2539,1002.19,-1.15,680.0,1726520.0,426887.1599999999,1299632.8400000003,681489.2000000001,618143.6400000002,47.56,75981.95999999996,0.0,633769.05,48.77,10.68,0.986
PROD_1158,SKU-HOM-HOM-1158,PureHome Home Decor V2,Home & Kitchen,Home Decor,PureHome,1319,843.65,-0.66,1266.0,1669854.0,373143.76999999996,1296710.2299999995,1068060.9000000006,228649.33000000007,17.63,132990.08999999997,592.16,158641.68,12.23,10.41,0.897
PROD_1120,SKU-APP-FAS-1120,IndiStyle Fashion Accessorie V3,Apparel & Fashion,Fashion Accessories,IndiStyle,899,394.87,-1.43,1830.0,1645170.0,361756.7100000001,1283413.29,722612.0999999996,560801.1900000003,43.7,202844.30000000002,0.0,424363.60000000015,33.07,9.89,0.964
PROD_1181,SKU-FMC-SKI-1181,NurtureNature Skincare & Grooming V1,FMCG & Personal Care,Skincare & Grooming,NurtureNature,1409,1088.9,-0.53,1192.0,1679528.0,403916.59,1275611.4100000006,1297968.8000000003,-22357.39,-1.75,59717.81999999999,0.0,-17308.979999999996,-1.36,9.03,0.965
PROD_1155,SKU-HOM-HOM-1155,LivingSpace Home Decor V2,Home & Kitchen,Home Decor,LivingSpace,1669,1060.98,-0.75,950.0,1585550.0,310091.85000000003,1275458.1499999997,1007930.9999999997,267527.14999999997,20.97,113338.93,301.15,214061.19999999998,16.78,10.34,0.874
PROD_1101,SKU-APP-FOO-1101,RoyaleFashions Footwear V2,Apparel & Fashion,Footwear,RoyaleFashions,1069,394.98,-1.22,1412.0,1509428.0,249177.48999999996,1260250.5099999998,557711.7599999994,702538.7500000002,55.75,123939.19999999998,0.0,638445.8000000003,50.66,9.66,0.972
PROD_1210,SKU-FMC-PAC-1210,VitalFoods Packaged Food V3,FMCG & Personal Care,Packaged Foods,VitalFoods,1379,1028.24,-0.58,1143.0,1576197.0,332256.25999999995,1243940.7399999998,1175278.3199999991,68662.41999999997,5.52,68480.44999999997,0.0,81090.10999999997,6.52,10.61,0.973
PROD_1161,SKU-HOM-HOM-1161,HomeComfort Home Decor V2,Home & Kitchen,Home Decor,HomeComfort,1079,678.12,-1.0,1380.0,1489020.0,257555.14,1231464.86,935805.5999999996,295659.2600000002,24.01,76021.15999999997,0.0,251109.28999999995,20.39,7.97,0.872
PROD_1093,SKU-APP-FOO-1093,VedaStyles Footwear V3,Apparel & Fashion,Footwear,VedaStyles,1579,846.55,-1.79,912.0,1440048.0,216757.21000000002,1223290.7899999998,772053.6000000002,451237.18999999994,36.89,54922.67000000001,0.0,399788.47000000026,32.68,10.79,0.984
PROD_1177,SKU-HOM-STO-1177,HomeComfort Storage Solution V3,Home & Kitchen,Storage Solutions,HomeComfort,1699,886.21,-0.71,853.0,1449247.0,283661.63999999996,1165585.3599999999,755937.1300000001,409648.22999999986,35.15,65630.91,0.0,367972.5399999999,31.57,9.22,0.897
PROD_1169,SKU-HOM-STO-1169,LivingSpace Storage Solution V1,Home & Kitchen,Storage Solutions,LivingSpace,1939,1155.8,-0.61,788.0,1527932.0,384972.91000000003,1142959.09,910770.4000000001,232188.69,20.31,78527.67000000001,0.0,222865.10000000003,19.5,11.58,0.905
PROD_1118,SKU-APP-FAS-1118,IndiStyle Fashion Accessorie V1,Apparel & Fashion,Fashion Accessories,IndiStyle,1729,617.87,-1.12,758.0,1310582.0,196097.99000000002,1114484.01,468345.4599999996,646138.5500000003,57.98,42319.56999999999,0.0,649842.7099999998,58.31,8.6,0.975
PROD_1224,SKU-FMC-BEV-1224,VitalFoods Beverage V2,FMCG & Personal Care,Beverages,VitalFoods,1259,932.19,-0.8,1067.0,1343353.0,246848.34000000003,1096504.6600000001,994646.7299999999,101857.92999999993,9.29,50230.72000000004,0.0,103899.61999999998,9.48,8.29,0.981
PROD_1148,SKU-HOM-COO-1148,SmartLiving Cookware & Dining V1,Home & Kitchen,Cookware & Dining,SmartLiving,2619,1717.27,-0.82,494.0,1293786.0,266171.57,1027614.4299999996,848331.3800000006,179283.05,17.45,50693.36,0.0,195018.77999999985,18.98,8.97,0.896
PROD_1234,SKU-FMC-HOM-1234,CleanGlow Home Hygiene V3,FMCG & Personal Care,Home Hygiene,CleanGlow,1479,1066.58,-0.76,821.0,1214259.0,188788.43000000005,1025470.5700000001,875662.1799999998,149808.39,14.61,47303.73000000002,0.0,115173.92000000001,11.23,10.44,0.999
PROD_1240,SKU-FMC-HOM-1240,VitalFoods Home Hygiene V3,FMCG & Personal Care,Home Hygiene,VitalFoods,819,649.43,-0.53,1463.0,1198197.0,188784.40000000002,1009412.6000000003,950116.0899999999,59296.51000000001,5.87,56847.589999999975,0.0,38124.05,3.78,9.38,1.017
PROD_1096,SKU-APP-FOO-1096,UrbanWeave Footwear V3,Apparel & Fashion,Footwear,UrbanWeave,1149,471.84,-1.19,1160.0,1332840.0,326523.97000000003,1006316.0299999998,547334.4000000001,458981.63000000024,45.61,106433.14999999994,0.0,420203.67000000004,41.76,12.98,0.985
PROD_1218,SKU-FMC-BEV-1218,CleanGlow Beverage V2,FMCG & Personal Care,Beverages,CleanGlow,1299,854.85,-0.76,932.0,1210668.0,213467.27,997200.73,796720.2000000001,200480.53000000003,20.1,59235.61999999999,0.0,174512.55999999997,17.5,9.38,0.994
PROD_1233,SKU-FMC-HOM-1233,CleanGlow Home Hygiene V2,FMCG & Personal Care,Home Hygiene,CleanGlow,979,745.33,-0.48,1181.0,1156199.0,207968.95999999993,948230.04,880234.7299999996,67995.30999999998,7.17,44805.11999999999,0.0,49797.55999999999,5.25,9.37,0.986
PROD_1019,SKU-CON-AUD-1019,SonicX Audio & Headphone V1,Consumer Electronics,Audio & Headphones,SonicX,1899,1516.26,-1.62,644.0,1222956.0,322733.15,900222.85,976471.4400000012,-76248.58999999997,-8.47,80381.22999999998,12182.9,-129829.86000000009,-14.42,9.43,0.989
PROD_1222,SKU-FMC-BEV-1222,AromaEssence Beverage V3,FMCG & Personal Care,Beverages,AromaEssence,1219,942.55,-0.78,923.0,1125137.0,225568.63999999998,899568.3599999999,869973.6500000001,29594.709999999963,3.29,49115.78999999998,0.0,28891.740000000005,3.21,9.35,0.989
PROD_1220,SKU-FMC-BEV-1220,AromaEssence Beverage V1,FMCG & Personal Care,Beverages,AromaEssence,1099,770.58,-0.79,979.0,1075921.0,177792.92999999996,898128.0700000001,754397.8199999997,143730.2499999999,16.0,43978.18000000001,0.0,112308.70000000001,12.5,8.06,0.998
PROD_1152,SKU-HOM-HOM-1152,ChefCraft Home Decor V2,Home & Kitchen,Home Decor,ChefCraft,2509,1521.14,-0.98,426.0,1068834.0,197049.35,871784.65,648005.6400000004,223779.00999999998,25.67,44336.14000000001,0.0,238272.65000000005,27.33,9.5,0.896
PROD_1205,SKU-FMC-PAC-1205,AromaEssence Packaged Food V1,FMCG & Personal Care,Packaged Foods,AromaEssence,929,687.6,-0.73,1167.0,1084143.0,214858.20000000007,869284.7999999998,802429.2000000002,66855.6,7.69,35584.1,0.0,65707.29999999999,7.56,8.38,0.97
PROD_1116,SKU-APP-FAS-1116,RoyaleFashions Fashion Accessorie V2,Apparel & Fashion,Fashion Accessories,RoyaleFashions,1139,478.56,-1.39,897.0,1021683.0,160791.47999999998,860891.52,429268.31999999983,431623.20000000024,50.14,93449.61999999995,0.0,364716.6100000001,42.36,8.07,0.99
PROD_1208,SKU-FMC-PAC-1208,VitalFoods Packaged Food V1,FMCG & Personal Care,Packaged Foods,VitalFoods,1129,826.62,-0.67,908.0,1025132.0,173421.18,851710.8200000003,750570.9599999995,101139.86,11.87,38851.27,0.0,85140.01000000001,10.0,9.66,0.991
PROD_1107,SKU-APP-FAS-1107,VedaStyles Fashion Accessorie V2,Apparel & Fashion,Fashion Accessories,VedaStyles,819,360.44,-1.18,1231.0,1008189.0,179306.96999999997,828882.0299999997,443701.6400000003,385180.3899999999,46.47,83400.96999999999,10589.18,315468.2700000001,38.06,8.76,0.972
PROD_1201,SKU-FMC-PAC-1201,FreshBite Packaged Food V3,FMCG & Personal Care,Packaged Foods,FreshBite,1089,846.28,-0.6,917.0,998613.0,176151.19000000003,822461.8099999998,776038.7600000006,46423.05,5.64,46285.31000000002,0.0,31725.380000000056,3.86,7.85,0.981
PROD_1083,SKU-APP-WES-1083,MetroTreads Western Wear V2,Apparel & Fashion,Western Wear,MetroTreads,2809,1405.77,-1.27,369.0,1036521.0,220461.55000000002,816059.4500000001,518729.12999999995,297330.3199999999,36.43,49158.46,1951.6399999999999,285119.23999999976,34.94,9.22,0.986
PROD_1189,SKU-FMC-SKI-1189,CleanGlow Skincare & Grooming V3,FMCG & Personal Care,Skincare & Grooming,CleanGlow,979,734.02,-0.5,969.0,948651.0,144758.85,803892.1499999999,711265.3800000001,92626.77000000002,11.52,36821.32,0.0,84464.41000000002,10.51,9.96,0.983
PROD_1200,SKU-FMC-PAC-1200,FreshBite Packaged Food V2,FMCG & Personal Care,Packaged Foods,FreshBite,1399,1000.61,-0.44,659.0,921941.0,180192.59999999998,741748.3999999998,659401.9899999992,82346.40999999995,11.1,40292.540000000015,0.0,58521.78000000003,7.89,9.86,0.974
PROD_1182,SKU-FMC-SKI-1182,NurtureNature Skincare & Grooming V2,FMCG & Personal Care,Skincare & Grooming,NurtureNature,899,605.68,-0.5,999.0,898101.0,159596.78,738504.22,605074.3199999997,133429.90000000002,18.07,31562.699999999993,323.62,136207.03000000003,18.44,9.49,0.988
PROD_1206,SKU-FMC-PAC-1206,AromaEssence Packaged Food V2,FMCG & Personal Care,Packaged Foods,AromaEssence,1219,974.35,-0.7,697.0,849643.0,150056.45,699586.5499999999,679121.9500000003,20464.6,2.93,36114.62999999998,0.0,7401.629999999993,1.06,8.97,0.994
PROD_1094,SKU-APP-FOO-1094,UrbanWeave Footwear V1,Apparel & Fashion,Footwear,UrbanWeave,1019,421.25,-1.58,802.0,817238.0,179337.88999999998,637900.11,337842.5,300057.6099999999,47.04,32075.01000000001,0.0,290850.49,45.59,10.19,1.001
PROD_1119,SKU-APP-FAS-1119,IndiStyle Fashion Accessorie V2,Apparel & Fashion,Fashion Accessories,IndiStyle,739,274.74,-1.1,1044.0,771516.0,135466.09000000003,636049.9100000001,286828.56,349221.35000000003,54.9,80480.02999999998,648.72,288926.86,45.43,8.43,0.964
PROD_1185,SKU-FMC-SKI-1185,FreshBite Skincare & Grooming V2,FMCG & Personal Care,Skincare & Grooming,FreshBite,649,439.7,-0.71,1166.0,756734.0,123223.67,633510.3300000001,512690.1999999999,120820.12999999999,19.07,41108.18,4229.34,88053.94000000005,13.9,8.65,0.972
PROD_1033,SKU-CON-LAP-1033,TechMax Laptops & Tablet V3,Consumer Electronics,Laptops & Tablets,TechMax,2009,1665.31,-2.02,365.0,733285.0,110239.84000000001,623045.16,607838.1500000003,15207.010000000004,2.44,37576.57999999998,0.0,-4602.790000000003,-0.74,9.36,1.002
PROD_1232,SKU-FMC-HOM-1232,CleanGlow Home Hygiene V1,FMCG & Personal Care,Home Hygiene,CleanGlow,689,548.88,-0.63,1034.0,712426.0,99216.67,613209.33,567541.9200000004,45667.409999999996,7.45,29980.170000000006,0.0,17361.51,2.83,8.33,0.999
PROD_1110,SKU-APP-FAS-1110,UrbanWeave Fashion Accessorie V2,Apparel & Fashion,Fashion Accessories,UrbanWeave,899,346.68,-1.74,766.0,688634.0,79512.95999999999,609121.0399999999,265556.87999999995,343564.1600000001,56.4,72816.98000000001,0.0,273097.61,44.83,9.67,0.989
PROD_1203,SKU-FMC-PAC-1203,CleanGlow Packaged Food V2,FMCG & Personal Care,Packaged Foods,CleanGlow,729,570.82,-0.48,1028.0,749412.0,147764.63999999998,601647.36,586802.9600000004,14844.40000000002,2.47,46007.38000000001,0.0,-7586.68,-1.26,12.2,0.967
PROD_1207,SKU-FMC-PAC-1207,AromaEssence Packaged Food V3,FMCG & Personal Care,Packaged Foods,AromaEssence,849,562.06,-0.73,926.0,786174.0,189217.47,596956.53,520467.55999999976,76488.97000000003,12.81,28833.47000000001,0.0,94361.71000000005,15.81,9.31,0.979
PROD_1193,SKU-FMC-SKI-1193,VitalFoods Skincare & Grooming V1,FMCG & Personal Care,Skincare & Grooming,VitalFoods,579,391.87,-0.48,1260.0,729540.0,135034.96000000002,594505.04,493756.19999999966,100748.83999999998,16.95,29278.519999999993,264.7,82222.32,13.83,9.51,0.996
PROD_1230,SKU-FMC-HOM-1230,FreshBite Home Hygiene V2,FMCG & Personal Care,Home Hygiene,FreshBite,509,334.79,-0.83,1424.0,724816.0,130528.47000000002,594287.5299999999,476740.9599999998,117546.57000000002,19.78,46294.03,0.0,79525.30999999998,13.38,9.53,0.978
PROD_1229,SKU-FMC-HOM-1229,FreshBite Home Hygiene V1,FMCG & Personal Care,Home Hygiene,FreshBite,969,715.69,-0.68,759.0,735471.0,147539.93999999997,587931.0599999999,543208.7100000001,44722.34999999999,7.61,29202.12,0.0,40448.32,6.88,7.97,1.004
PROD_1225,SKU-FMC-BEV-1225,VitalFoods Beverage V3,FMCG & Personal Care,Beverages,VitalFoods,509,338.76,-0.86,1320.0,671880.0,131482.85,540397.15,447163.20000000024,93233.95000000004,17.25,27160.079999999998,0.0,89255.81,16.52,8.28,1.019
PROD_1231,SKU-FMC-HOM-1231,FreshBite Home Hygiene V3,FMCG & Personal Care,Home Hygiene,FreshBite,1309,951.49,-0.5,542.0,709478.0,173515.8,535962.2000000001,515707.57999999943,20254.620000000006,3.78,37009.11000000001,362.32,2140.0100000000025,0.4,11.37,0.995
PROD_1213,SKU-FMC-BEV-1213,NurtureNature Beverage V3,FMCG & Personal Care,Beverages,NurtureNature,799,567.84,-0.53,768.0,613632.0,114193.88000000002,499438.11999999994,436101.11999999994,63337.00000000002,12.68,20719.560000000005,0.0,61445.0,12.3,9.67,0.986
PROD_1196,SKU-FMC-PAC-1196,NurtureNature Packaged Food V1,FMCG & Personal Care,Packaged Foods,NurtureNature,1069,768.17,-0.73,631.0,674539.0,176993.25999999995,497545.7399999999,484715.27,12830.46999999999,2.58,28044.95,0.0,20837.230000000003,4.19,7.72,1.002
PROD_1199,SKU-FMC-PAC-1199,FreshBite Packaged Food V1,FMCG & Personal Care,Packaged Foods,FreshBite,809,573.0,-0.46,674.0,545266.0,82620.75000000001,462645.25000000006,386202.0,76443.24999999997,16.52,22341.94,0.0,71960.79000000001,15.55,9.49,0.978
PROD_1186,SKU-FMC-SKI-1186,FreshBite Skincare & Grooming V3,FMCG & Personal Care,Skincare & Grooming,FreshBite,749,565.34,-0.65,718.0,537782.0,85152.31999999999,452629.68,405914.1199999999,46715.55999999998,10.32,25227.63,300.12,26291.409999999985,5.81,8.91,0.989
PROD_1202,SKU-FMC-PAC-1202,CleanGlow Packaged Food V1,FMCG & Personal Care,Packaged Foods,CleanGlow,689,475.09,-0.44,798.0,549822.0,99842.29000000001,449979.71,379121.81999999995,70857.89,15.75,29283.260000000002,0.0,60548.16999999996,13.46,7.74,0.981
PROD_1090,SKU-APP-WES-1090,IndiStyle Western Wear V3,Apparel & Fashion,Western Wear,IndiStyle,639,276.59,-1.4,872.0,557208.0,108127.10999999997,449080.88999999996,241186.47999999984,207894.41000000012,46.29,84283.20000000001,0.0,135568.49000000002,30.19,9.73,1.007
PROD_1111,SKU-APP-FAS-1111,UrbanWeave Fashion Accessorie V3,Apparel & Fashion,Fashion Accessories,UrbanWeave,959,338.21,-1.54,575.0,551425.0,106000.2,445424.7999999999,194470.75000000003,250954.05000000002,56.34,36388.09,0.0,225671.46999999994,50.66,7.93,0.974
PROD_1217,SKU-FMC-BEV-1217,CleanGlow Beverage V1,FMCG & Personal Care,Beverages,CleanGlow,659,471.88,-0.81,748.0,492932.0,75118.75000000003,417813.25,352966.24000000017,64847.01000000003,15.52,25101.09,0.0,54816.719999999994,13.12,7.79,0.987
PROD_1062,SKU-APP-ETH-1062,VedaStyles Ethnic Wear V2,Apparel & Fashion,Ethnic Wear,VedaStyles,579,210.95,-1.12,811.0,469569.0,59504.99,410064.00999999995,171080.44999999998,238983.55999999994,58.28,46108.229999999996,0.0,198166.93000000002,48.33,9.47,0.961
PROD_1236,SKU-FMC-HOM-1236,AromaEssence Home Hygiene V2,FMCG & Personal Care,Home Hygiene,AromaEssence,482,345.53,-0.49,952.0,458864.0,74662.76,384201.24,328944.56,55256.68000000004,14.38,27652.219999999998,0.0,39945.60000000001,10.4,11.21,0.991
PROD_1219,SKU-FMC-BEV-1219,CleanGlow Beverage V3,FMCG & Personal Care,Beverages,CleanGlow,999,737.95,-0.82,456.0,455544.0,72475.44,383068.55999999994,336505.19999999995,46563.35999999999,12.16,16297.110000000008,0.0,41725.48,10.89,6.97,0.993
PROD_1198,SKU-FMC-PAC-1198,NurtureNature Packaged Food V3,FMCG & Personal Care,Packaged Foods,NurtureNature,739,486.19,-0.61,635.0,469265.0,87385.25999999997,381879.7400000001,308730.6500000002,73149.08999999997,19.16,16520.340000000004,0.0,76204.78000000003,19.96,10.52,0.981
PROD_1190,SKU-FMC-SKI-1190,AromaEssence Skincare & Grooming V1,FMCG & Personal Care,Skincare & Grooming,AromaEssence,969,697.66,-0.51,460.0,445740.0,73716.66999999998,372023.33,320923.6000000002,51099.72999999999,13.74,22934.64,190.85,40886.740000000005,10.99,6.76,0.989
PROD_1183,SKU-FMC-SKI-1183,NurtureNature Skincare & Grooming V3,FMCG & Personal Care,Skincare & Grooming,NurtureNature,381,295.45,-0.49,1177.0,448437.0,76844.26000000002,371592.74000000005,347744.6499999998,23848.09000000002,6.42,23754.53000000001,0.0,12447.03,3.35,8.99,0.97
PROD_1115,SKU-APP-FAS-1115,RoyaleFashions Fashion Accessorie V1,Apparel & Fashion,Fashion Accessories,RoyaleFashions,559,255.05,-1.72,772.0,431548.0,66128.01,365419.99000000005,196898.59999999995,168521.39,46.12,23526.570000000014,275.33,151438.21999999994,41.44,9.23,0.98
PROD_1221,SKU-FMC-BEV-1221,AromaEssence Beverage V2,FMCG & Personal Care,Beverages,AromaEssence,422,295.07,-0.85,1005.0,424110.0,66417.72999999998,357692.27,296545.35000000027,61146.92,17.09,14805.229999999998,220.76,52033.32999999999,14.55,8.86,0.978
PROD_1237,SKU-FMC-HOM-1237,AromaEssence Home Hygiene V3,FMCG & Personal Care,Home Hygiene,AromaEssence,387,308.96,-0.45,1128.0,436536.0,81618.30000000002,354917.70000000007,348506.8800000002,6410.820000000001,1.81,21574.970000000005,0.0,-3885.9599999999987,-1.09,10.51,1.009
PROD_1184,SKU-FMC-SKI-1184,FreshBite Skincare & Grooming V1,FMCG & Personal Care,Skincare & Grooming,FreshBite,1029,742.46,-0.46,442.0,454818.0,106299.82,348518.18000000005,328167.32000000007,20350.860000000008,5.84,16186.060000000001,0.0,20472.8,5.87,7.2,0.963
PROD_1239,SKU-FMC-HOM-1239,VitalFoods Home Hygiene V2,FMCG & Personal Care,Home Hygiene,VitalFoods,344,228.02,-0.71,1195.0,411080.0,64987.10999999997,346092.88999999996,272483.89999999985,73608.99000000002,21.27,24585.210000000003,0.0,65124.27999999998,18.82,10.12,0.977
PROD_1076,SKU-APP-WES-1076,VedaStyles Western Wear V1,Apparel & Fashion,Western Wear,VedaStyles,779,345.66,-1.35,526.0,409754.0,80376.44,329377.5600000001,181817.1600000003,147560.39999999988,44.8,39805.47999999999,701.1,120959.97999999995,36.72,11.57,0.99
PROD_1079,SKU-APP-WES-1079,UrbanWeave Western Wear V1,Apparel & Fashion,Western Wear,UrbanWeave,639,228.42,-1.31,581.0,371259.0,63836.09,307422.91000000003,132712.01999999987,174710.89000000007,56.83,51791.48999999999,0.0,130795.39000000001,42.55,8.5,0.968
PROD_1191,SKU-FMC-SKI-1191,AromaEssence Skincare & Grooming V2,FMCG & Personal Care,Skincare & Grooming,AromaEssence,311,234.26,-0.53,1266.0,393726.0,91749.35000000002,301976.6500000001,296573.15999999986,5403.4899999999925,1.79,18625.689999999995,164.19,-3331.0099999999998,-1.1,9.69,1.004
PROD_1226,SKU-FMC-HOM-1226,NurtureNature Home Hygiene V1,FMCG & Personal Care,Home Hygiene,NurtureNature,390,310.45,-0.61,893.0,348270.0,49274.55,298995.45,277231.85,21763.600000000002,7.28,14440.94,0.0,9916.780000000002,3.32,7.39,0.991
PROD_1204,SKU-FMC-PAC-1204,CleanGlow Packaged Food V3,FMCG & Personal Care,Packaged Foods,CleanGlow,273,180.69,-0.64,1231.0,336063.0,58734.56999999999,277328.43000000005,222429.39000000013,54899.03999999999,19.8,30487.349999999988,0.0,36502.990000000005,13.16,8.72,0.99
PROD_1214,SKU-FMC-BEV-1214,FreshBite Beverage V1,FMCG & Personal Care,Beverages,FreshBite,392,260.79,-0.8,831.0,325752.0,49827.91000000002,275924.0899999999,216716.49000000002,59207.59999999997,21.46,16259.0,0.0,51534.18000000001,18.68,9.16,1.005
PROD_1227,SKU-FMC-HOM-1227,NurtureNature Home Hygiene V2,FMCG & Personal Care,Home Hygiene,NurtureNature,689,458.94,-0.73,443.0,305227.0,31135.230000000003,274091.77,203310.42000000016,70781.34999999999,25.82,16692.540000000005,0.0,56133.480000000025,20.48,8.28,0.995
PROD_1084,SKU-APP-WES-1084,MetroTreads Western Wear V3,Apparel & Fashion,Western Wear,MetroTreads,579,305.01,-1.77,524.0,303396.0,60899.8,242496.19999999992,159825.24,82670.96000000005,34.09,14241.290000000005,0.0,73482.83000000002,30.3,5.76,0.968
PROD_1228,SKU-FMC-HOM-1228,NurtureNature Home Hygiene V3,FMCG & Personal Care,Home Hygiene,NurtureNature,462,343.29,-0.77,615.0,284130.0,67103.19000000002,217026.80999999994,211123.35000000003,5903.46,2.72,17197.050000000003,0.0,2129.6800000000003,0.98,7.87,1.009
PROD_1187,SKU-FMC-SKI-1187,CleanGlow Skincare & Grooming V1,FMCG & Personal Care,Skincare & Grooming,CleanGlow,424,281.99,-0.63,709.0,300616.0,92157.66,208458.34,199930.90999999997,8527.429999999997,4.09,13452.619999999999,129.66,20662.180000000004,9.91,11.07,0.988
PROD_1209,SKU-FMC-PAC-1209,VitalFoods Packaged Food V2,FMCG & Personal Care,Packaged Foods,VitalFoods,296,228.97,-0.69,798.0,236208.0,31131.800000000014,205076.20000000007,182718.06000000014,22358.140000000007,10.9,15152.030000000002,121.27,12323.860000000002,6.01,8.74,0.984
PROD_1212,SKU-FMC-BEV-1212,NurtureNature Beverage V2,FMCG & Personal Care,Beverages,NurtureNature,307,226.51,-0.4,871.0,267397.0,73846.7,193550.30000000008,197290.21,-3739.909999999994,-1.93,10225.099999999993,0.0,-5751.350000000001,-2.97,10.59,0.976
PROD_1194,SKU-FMC-SKI-1194,VitalFoods Skincare & Grooming V2,FMCG & Personal Care,Skincare & Grooming,VitalFoods,277,205.09,-0.83,869.0,240713.0,48427.91000000001,192285.09000000003,178223.20999999988,14061.879999999985,7.31,20790.370000000006,0.0,1240.800000000004,0.65,7.85,0.983
PROD_1197,SKU-FMC-PAC-1197,NurtureNature Packaged Food V2,FMCG & Personal Care,Packaged Foods,NurtureNature,353,234.3,-0.7,665.0,234745.0,42914.57,191830.43,155809.49999999997,36020.930000000015,18.78,13603.570000000002,143.68,35197.85999999999,18.35,8.13,0.999
PROD_1195,SKU-FMC-SKI-1195,VitalFoods Skincare & Grooming V3,FMCG & Personal Care,Skincare & Grooming,VitalFoods,419,289.81,-0.58,439.0,183941.0,21609.500000000004,162331.50000000006,127226.58999999994,35104.90999999999,21.63,12775.300000000005,197.2,23158.960000000003,14.27,7.74,0.995
PROD_1223,SKU-FMC-BEV-1223,VitalFoods Beverage V1,FMCG & Personal Care,Beverages,VitalFoods,238,181.72,-0.47,769.0,183022.0,23142.88,159879.11999999997,139742.68000000005,20136.440000000002,12.59,17604.15,0.0,6221.290000000001,3.89,6.43,0.986
PROD_1235,SKU-FMC-HOM-1235,AromaEssence Home Hygiene V1,FMCG & Personal Care,Home Hygiene,AromaEssence,124,82.19,-0.61,1211.0,150164.0,32327.550000000003,117836.45000000001,99532.09000000003,18304.36000000001,15.53,10618.159999999996,0.0,11136.67,9.45,10.34,0.987
PROD_1215,SKU-FMC-BEV-1215,FreshBite Beverage V2,FMCG & Personal Care,Beverages,FreshBite,150,109.38,-0.87,982.0,147300.0,32351.999999999996,114947.99999999999,107411.16,7536.8399999999965,6.56,13153.189999999999,0.0,805.8700000000003,0.7,10.75,0.981
PROD_1211,SKU-FMC-BEV-1211,NurtureNature Beverage V1,FMCG & Personal Care,Beverages,NurtureNature,117,81.95,-0.42,804.0,94068.0,22703.63,71364.37,65887.8,5476.569999999999,7.67,5767.409999999998,0.0,4306.25,6.03,8.59,0.965
PROD_1192,SKU-FMC-SKI-1192,AromaEssence Skincare & Grooming V3,FMCG & Personal Care,Skincare & Grooming,AromaEssence,145,103.6,-0.46,455.0,65975.0,12451.3,53523.7,47137.99999999999,6385.700000000003,11.93,7685.679999999999,0.0,188.93999999999994,0.35,7.63,0.989
