customer_id,customer_name,customer_segment,region,contract_discount_pct,created_date
CST_0001,Customer Account 0001,Retail Standard,West,0.0,2023-01-15
CST_0002,Customer Account 0002,Retail Silver,Central,0.0,2023-01-15
CST_0003,Customer Account 0003,Retail Silver,North-East,0.0,2023-01-15
CST_0004,Customer Account 0004,Retail Platinum,East,0.0,2023-01-15
CST_0005,Customer Account 0005,B2B SMB,West,0.075,2023-01-15
CST_0006,Customer Account 0006,Retail Standard,Central,0.0,2023-01-15
CST_0007,Customer Account 0007,Retail Silver,North-East,0.0,2023-01-15
CST_0008,Customer Account 0008,Retail Gold,North,0.0,2023-01-15
CST_0009,Customer Account 0009,Retail Platinum,West,0.0,2023-01-15
CST_0010,Customer Account 0010,Retail Platinum,Central,0.0,2023-01-15
CST_0011,Customer Account 0011,Retail Standard,East,0.0,2023-01-15
CST_0012,Customer Account 0012,Retail Silver,West,0.0,2023-01-15
CST_0013,Customer Account 0013,Retail Standard,West,0.0,2023-01-15
CST_0014,Customer Account 0014,Retail Gold,East,0.0,2023-01-15
CST_0015,Customer Account 0015,Retail Standard,South,0.0,2023-01-15
CST_0016,Customer Account 0016,Retail Standard,West,0.0,2023-01-15
CST_0017,Customer Account 0017,Retail Gold,North,0.0,2023-01-15
CST_0018,Customer Account 0018,Retail Platinum,North-East,0.0,2023-01-15
CST_0019,Customer Account 0019,Retail Silver,East,0.0,2023-01-15
CST_0020,Customer Account 0020,Retail Platinum,North,0.0,2023-01-15
CST_0021,Customer Account 0021,Retail Silver,North,0.0,2023-01-15
CST_0022,Customer Account 0022,Retail Platinum,North-East,0.0,2023-01-15
CST_0023,Customer Account 0023,Retail Standard,Central,0.0,2023-01-15
CST_0024,Customer Account 0024,Retail Standard,North,0.0,2023-01-15
CST_0025,Customer Account 0025,Retail Gold,West,0.0,2023-01-15
CST_0026,Customer Account 0026,Retail Standard,West,0.0,2023-01-15
CST_0027,Customer Account 0027,Retail Standard,North-East,0.0,2023-01-15
CST_0028,Customer Account 0028,Retail Standard,East,0.0,2023-01-15
CST_0029,Customer Account 0029,B2B SMB,East,0.114,2023-01-15
CST_0030,Customer Account 0030,Retail Silver,West,0.0,2023-01-15
CST_0031,Customer Account 0031,Retail Gold,North,0.0,2023-01-15
CST_0032,Customer Account 0032,Retail Silver,Central,0.0,2023-01-15
CST_0033,Customer Account 0033,Retail Gold,North-East,0.0,2023-01-15
CST_0034,Customer Account 0034,Retail Silver,North-East,0.0,2023-01-15
CST_0035,Customer Account 0035,Retail Gold,Central,0.0,2023-01-15
CST_0036,Customer Account 0036,Retail Platinum,North,0.0,2023-01-15
CST_0037,Customer Account 0037,B2B Enterprise,North-East,0.153,2023-01-15
CST_0038,Customer Account 0038,Retail Standard,West,0.0,2023-01-15
CST_0039,Customer Account 0039,Retail Silver,North,0.0,2023-01-15
CST_0040,Customer Account 0040,Retail Silver,West,0.0,2023-01-15
CST_0041,Customer Account 0041,Retail Gold,North-East,0.0,2023-01-15
CST_0042,Customer Account 0042,Retail Platinum,North-East,0.0,2023-01-15
CST_0043,Customer Account 0043,Retail Standard,West,0.0,2023-01-15
CST_0044,Customer Account 0044,Retail Standard,West,0.0,2023-01-15
CST_0045,Customer Account 0045,Retail Gold,Central,0.0,2023-01-15
CST_0046,Customer Account 0046,Retail Silver,East,0.0,2023-01-15
CST_0047,Customer Account 0047,Retail Silver,North,0.0,2023-01-15
CST_0048,Customer Account 0048,Retail Platinum,Central,0.0,2023-01-15
CST_0049,Customer Account 0049,Retail Silver,East,0.0,2023-01-15
CST_0050,Customer Account 0050,B2B Enterprise,North,0.124,2023-01-15
CST_0051,Customer Account 0051,Retail Standard,North-East,0.0,2023-01-15
CST_0052,Customer Account 0052,Retail Standard,Central,0.0,2023-01-15
CST_0053,Customer Account 0053,Retail Standard,East,0.0,2023-01-15
CST_0054,Customer Account 0054,B2B Enterprise,Central,0.163,2023-01-15
CST_0055,Customer Account 0055,Retail Standard,West,0.0,2023-01-15
CST_0056,Customer Account 0056,Retail Standard,East,0.0,2023-01-15
CST_0057,Customer Account 0057,Retail Gold,Central,0.0,2023-01-15
CST_0058,Customer Account 0058,Retail Platinum,North,0.0,2023-01-15
CST_0059,Customer Account 0059,Retail Gold,South,0.0,2023-01-15
CST_0060,Customer Account 0060,Retail Silver,North-East,0.0,2023-01-15
CST_0061,Customer Account 0061,Retail Silver,North-East,0.0,2023-01-15
CST_0062,Customer Account 0062,B2B SMB,North-East,0.082,2023-01-15
CST_0063,Customer Account 0063,Retail Gold,South,0.0,2023-01-15
CST_0064,Customer Account 0064,Retail Standard,North,0.0,2023-01-15
CST_0065,Customer Account 0065,Retail Standard,North,0.0,2023-01-15
CST_0066,Customer Account 0066,Retail Standard,Central,0.0,2023-01-15
CST_0067,Customer Account 0067,Retail Gold,South,0.0,2023-01-15
CST_0068,Customer Account 0068,Retail Standard,North,0.0,2023-01-15
CST_0069,Customer Account 0069,Retail Silver,East,0.0,2023-01-15
CST_0070,Customer Account 0070,Retail Silver,North,0.0,2023-01-15
CST_0071,Customer Account 0071,Retail Silver,East,0.0,2023-01-15
CST_0072,Customer Account 0072,Retail Silver,North-East,0.0,2023-01-15
CST_0073,Customer Account 0073,Retail Standard,East,0.0,2023-01-15
CST_0074,Customer Account 0074,Retail Standard,East,0.0,2023-01-15
CST_0075,Customer Account 0075,Retail Silver,North-East,0.0,2023-01-15
CST_0076,Customer Account 0076,Retail Gold,South,0.0,2023-01-15
CST_0077,Customer Account 0077,Retail Silver,Central,0.0,2023-01-15
CST_0078,Customer Account 0078,Retail Standard,South,0.0,2023-01-15
CST_0079,Customer Account 0079,B2B Enterprise,East,0.124,2023-01-15
CST_0080,Customer Account 0080,Retail Gold,West,0.0,2023-01-15
CST_0081,Customer Account 0081,B2B SMB,North,0.11,2023-01-15
CST_0082,Customer Account 0082,Retail Gold,East,0.0,2023-01-15
CST_0083,Customer Account 0083,Retail Silver,East,0.0,2023-01-15
CST_0084,Customer Account 0084,Retail Standard,East,0.0,2023-01-15
CST_0085,Customer Account 0085,Retail Gold,West,0.0,2023-01-15
CST_0086,Customer Account 0086,Retail Silver,East,0.0,2023-01-15
CST_0087,Customer Account 0087,B2B SMB,South,0.091,2023-01-15
CST_0088,Customer Account 0088,Retail Gold,North,0.0,2023-01-15
CST_0089,Customer Account 0089,Retail Gold,West,0.0,2023-01-15
CST_0090,Customer Account 0090,Retail Gold,South,0.0,2023-01-15
CST_0091,Customer Account 0091,B2B Enterprise,Central,0.128,2023-01-15
CST_0092,Customer Account 0092,Retail Gold,East,0.0,2023-01-15
CST_0093,Customer Account 0093,Retail Gold,South,0.0,2023-01-15
CST_0094,Customer Account 0094,Retail Standard,South,0.0,2023-01-15
CST_0095,Customer Account 0095,Retail Platinum,North-East,0.0,2023-01-15
CST_0096,Customer Account 0096,Retail Standard,Central,0.0,2023-01-15
CST_0097,Customer Account 0097,Retail Gold,Central,0.0,2023-01-15
CST_0098,Customer Account 0098,Retail Standard,Central,0.0,2023-01-15
CST_0099,Customer Account 0099,Retail Silver,West,0.0,2023-01-15
CST_0100,Customer Account 0100,Retail Platinum,West,0.0,2023-01-15
CST_0101,Customer Account 0101,Retail Standard,North,0.0,2023-01-15
CST_0102,Customer Account 0102,Retail Gold,East,0.0,2023-01-15
CST_0103,Customer Account 0103,B2B Enterprise,North,0.151,2023-01-15
CST_0104,Customer Account 0104,Retail Standard,Central,0.0,2023-01-15
CST_0105,Customer Account 0105,Retail Silver,South,0.0,2023-01-15
CST_0106,Customer Account 0106,Retail Standard,Central,0.0,2023-01-15
CST_0107,Customer Account 0107,Retail Silver,North,0.0,2023-01-15
CST_0108,Customer Account 0108,Retail Silver,Central,0.0,2023-01-15
CST_0109,Customer Account 0109,Retail Gold,South,0.0,2023-01-15
CST_0110,Customer Account 0110,Retail Standard,East,0.0,2023-01-15
CST_0111,Customer Account 0111,B2B Enterprise,South,0.183,2023-01-15
CST_0112,Customer Account 0112,Retail Silver,North,0.0,2023-01-15
CST_0113,Customer Account 0113,Retail Silver,Central,0.0,2023-01-15
CST_0114,Customer Account 0114,Retail Platinum,South,0.0,2023-01-15
CST_0115,Customer Account 0115,B2B Enterprise,West,0.2,2023-01-15
CST_0116,Customer Account 0116,Retail Silver,West,0.0,2023-01-15
CST_0117,Customer Account 0117,Retail Silver,North,0.0,2023-01-15
CST_0118,Customer Account 0118,Retail Standard,West,0.0,2023-01-15
CST_0119,Customer Account 0119,Retail Standard,West,0.0,2023-01-15
CST_0120,Customer Account 0120,Retail Standard,South,0.0,2023-01-15
CST_0121,Customer Account 0121,Retail Platinum,Central,0.0,2023-01-15
CST_0122,Customer Account 0122,B2B SMB,North-East,0.061,2023-01-15
CST_0123,Customer Account 0123,B2B SMB,West,0.08,2023-01-15
CST_0124,Customer Account 0124,Retail Silver,Central,0.0,2023-01-15
CST_0125,Customer Account 0125,Retail Standard,South,0.0,2023-01-15
CST_0126,Customer Account 0126,Retail Gold,West,0.0,2023-01-15
CST_0127,Customer Account 0127,Retail Gold,East,0.0,2023-01-15
CST_0128,Customer Account 0128,Retail Silver,South,0.0,2023-01-15
CST_0129,Customer Account 0129,Retail Silver,Central,0.0,2023-01-15
CST_0130,Customer Account 0130,B2B Enterprise,North,0.2,2023-01-15
CST_0131,Customer Account 0131,Retail Gold,South,0.0,2023-01-15
CST_0132,Customer Account 0132,Retail Gold,West,0.0,2023-01-15
CST_0133,Customer Account 0133,Retail Standard,East,0.0,2023-01-15
CST_0134,Customer Account 0134,Retail Gold,North-East,0.0,2023-01-15
CST_0135,Customer Account 0135,Retail Silver,East,0.0,2023-01-15
CST_0136,Customer Account 0136,Retail Gold,Central,0.0,2023-01-15
CST_0137,Customer Account 0137,Retail Standard,West,0.0,2023-01-15
CST_0138,Customer Account 0138,B2B SMB,North,0.092,2023-01-15
CST_0139,Customer Account 0139,Retail Silver,North,0.0,2023-01-15
CST_0140,Customer Account 0140,Retail Gold,West,0.0,2023-01-15
CST_0141,Customer Account 0141,B2B SMB,East,0.061,2023-01-15
CST_0142,Customer Account 0142,Retail Standard,East,0.0,2023-01-15
CST_0143,Customer Account 0143,Retail Gold,East,0.0,2023-01-15
CST_0144,Customer Account 0144,Retail Standard,East,0.0,2023-01-15
CST_0145,Customer Account 0145,Retail Silver,Central,0.0,2023-01-15
CST_0146,Customer Account 0146,B2B SMB,East,0.08,2023-01-15
CST_0147,Customer Account 0147,Retail Silver,East,0.0,2023-01-15
CST_0148,Customer Account 0148,Retail Standard,North,0.0,2023-01-15
CST_0149,Customer Account 0149,B2B SMB,Central,0.09,2023-01-15
CST_0150,Customer Account 0150,B2B SMB,South,0.086,2023-01-15
CST_0151,Customer Account 0151,Retail Standard,West,0.0,2023-01-15
CST_0152,Customer Account 0152,Retail Standard,East,0.0,2023-01-15
CST_0153,Customer Account 0153,Retail Silver,South,0.0,2023-01-15
CST_0154,Customer Account 0154,Retail Silver,Central,0.0,2023-01-15
CST_0155,Customer Account 0155,Retail Standard,North-East,0.0,2023-01-15
CST_0156,Customer Account 0156,Retail Standard,South,0.0,2023-01-15
CST_0157,Customer Account 0157,Retail Gold,West,0.0,2023-01-15
CST_0158,Customer Account 0158,Retail Standard,Central,0.0,2023-01-15
CST_0159,Customer Account 0159,Retail Silver,North-East,0.0,2023-01-15
CST_0160,Customer Account 0160,Retail Standard,Central,0.0,2023-01-15
CST_0161,Customer Account 0161,Retail Gold,East,0.0,2023-01-15
CST_0162,Customer Account 0162,Retail Platinum,North,0.0,2023-01-15
CST_0163,Customer Account 0163,Retail Silver,East,0.0,2023-01-15
CST_0164,Customer Account 0164,Retail Gold,West,0.0,2023-01-15
CST_0165,Customer Account 0165,Retail Standard,North-East,0.0,2023-01-15
CST_0166,Customer Account 0166,Retail Standard,South,0.0,2023-01-15
CST_0167,Customer Account 0167,Retail Standard,North-East,0.0,2023-01-15
CST_0168,Customer Account 0168,Retail Silver,Central,0.0,2023-01-15
CST_0169,Customer Account 0169,Retail Gold,North-East,0.0,2023-01-15
CST_0170,Customer Account 0170,B2B SMB,East,0.106,2023-01-15
CST_0171,Customer Account 0171,Retail Standard,North,0.0,2023-01-15
CST_0172,Customer Account 0172,Retail Silver,East,0.0,2023-01-15
CST_0173,Customer Account 0173,Retail Standard,East,0.0,2023-01-15
CST_0174,Customer Account 0174,Retail Gold,North,0.0,2023-01-15
CST_0175,Customer Account 0175,Retail Platinum,North-East,0.0,2023-01-15
CST_0176,Customer Account 0176,Retail Standard,Central,0.0,2023-01-15
CST_0177,Customer Account 0177,Retail Standard,Central,0.0,2023-01-15
CST_0178,Customer Account 0178,Retail Gold,North-East,0.0,2023-01-15
CST_0179,Customer Account 0179,Retail Standard,East,0.0,2023-01-15
CST_0180,Customer Account 0180,B2B SMB,West,0.102,2023-01-15
CST_0181,Customer Account 0181,B2B SMB,North,0.073,2023-01-15
CST_0182,Customer Account 0182,Retail Gold,North,0.0,2023-01-15
CST_0183,Customer Account 0183,Retail Silver,North-East,0.0,2023-01-15
CST_0184,Customer Account 0184,Retail Gold,North,0.0,2023-01-15
CST_0185,Customer Account 0185,Retail Standard,South,0.0,2023-01-15
CST_0186,Customer Account 0186,Retail Standard,North-East,0.0,2023-01-15
CST_0187,Customer Account 0187,Retail Silver,East,0.0,2023-01-15
CST_0188,Customer Account 0188,Retail Gold,South,0.0,2023-01-15
CST_0189,Customer Account 0189,Retail Platinum,South,0.0,2023-01-15
CST_0190,Customer Account 0190,Retail Gold,East,0.0,2023-01-15
CST_0191,Customer Account 0191,Retail Silver,East,0.0,2023-01-15
CST_0192,Customer Account 0192,Retail Gold,East,0.0,2023-01-15
CST_0193,Customer Account 0193,Retail Standard,North-East,0.0,2023-01-15
CST_0194,Customer Account 0194,B2B Enterprise,North,0.151,2023-01-15
CST_0195,Customer Account 0195,Retail Standard,East,0.0,2023-01-15
CST_0196,Customer Account 0196,Retail Gold,Central,0.0,2023-01-15
CST_0197,Customer Account 0197,Retail Standard,Central,0.0,2023-01-15
CST_0198,Customer Account 0198,Retail Standard,West,0.0,2023-01-15
CST_0199,Customer Account 0199,Retail Standard,North,0.0,2023-01-15
CST_0200,Customer Account 0200,Retail Gold,North-East,0.0,2023-01-15
CST_0201,Customer Account 0201,Retail Standard,Central,0.0,2023-01-15
CST_0202,Customer Account 0202,Retail Platinum,North,0.0,2023-01-15
CST_0203,Customer Account 0203,Retail Standard,South,0.0,2023-01-15
CST_0204,Customer Account 0204,Retail Standard,North,0.0,2023-01-15
CST_0205,Customer Account 0205,Retail Gold,South,0.0,2023-01-15
CST_0206,Customer Account 0206,Retail Gold,North-East,0.0,2023-01-15
CST_0207,Customer Account 0207,Retail Standard,North,0.0,2023-01-15
CST_0208,Customer Account 0208,Retail Standard,South,0.0,2023-01-15
CST_0209,Customer Account 0209,B2B Enterprise,North,0.121,2023-01-15
CST_0210,Customer Account 0210,B2B SMB,East,0.109,2023-01-15
CST_0211,Customer Account 0211,Retail Standard,North-East,0.0,2023-01-15
CST_0212,Customer Account 0212,Retail Standard,Central,0.0,2023-01-15
CST_0213,Customer Account 0213,Retail Standard,South,0.0,2023-01-15
CST_0214,Customer Account 0214,Retail Standard,North,0.0,2023-01-15
CST_0215,Customer Account 0215,Retail Platinum,North,0.0,2023-01-15
CST_0216,Customer Account 0216,B2B SMB,West,0.076,2023-01-15
CST_0217,Customer Account 0217,Retail Platinum,North,0.0,2023-01-15
CST_0218,Customer Account 0218,Retail Silver,South,0.0,2023-01-15
CST_0219,Customer Account 0219,Retail Gold,South,0.0,2023-01-15
CST_0220,Customer Account 0220,Retail Silver,North-East,0.0,2023-01-15
CST_0221,Customer Account 0221,Retail Standard,West,0.0,2023-01-15
CST_0222,Customer Account 0222,Retail Gold,North,0.0,2023-01-15
CST_0223,Customer Account 0223,Retail Silver,Central,0.0,2023-01-15
CST_0224,Customer Account 0224,B2B SMB,West,0.084,2023-01-15
CST_0225,Customer Account 0225,B2B SMB,Central,0.097,2023-01-15
CST_0226,Customer Account 0226,Retail Standard,West,0.0,2023-01-15
CST_0227,Customer Account 0227,Retail Standard,East,0.0,2023-01-15
CST_0228,Customer Account 0228,Retail Standard,South,0.0,2023-01-15
CST_0229,Customer Account 0229,Retail Silver,North-East,0.0,2023-01-15
CST_0230,Customer Account 0230,Retail Silver,West,0.0,2023-01-15
CST_0231,Customer Account 0231,Retail Standard,East,0.0,2023-01-15
CST_0232,Customer Account 0232,Retail Silver,North,0.0,2023-01-15
CST_0233,Customer Account 0233,Retail Standard,East,0.0,2023-01-15
CST_0234,Customer Account 0234,Retail Gold,South,0.0,2023-01-15
CST_0235,Customer Account 0235,Retail Standard,Central,0.0,2023-01-15
CST_0236,Customer Account 0236,Retail Standard,South,0.0,2023-01-15
CST_0237,Customer Account 0237,Retail Standard,South,0.0,2023-01-15
CST_0238,Customer Account 0238,Retail Standard,East,0.0,2023-01-15
CST_0239,Customer Account 0239,Retail Silver,South,0.0,2023-01-15
CST_0240,Customer Account 0240,Retail Silver,South,0.0,2023-01-15
CST_0241,Customer Account 0241,Retail Gold,West,0.0,2023-01-15
CST_0242,Customer Account 0242,Retail Silver,West,0.0,2023-01-15
CST_0243,Customer Account 0243,B2B SMB,North,0.088,2023-01-15
CST_0244,Customer Account 0244,Retail Silver,West,0.0,2023-01-15
CST_0245,Customer Account 0245,B2B SMB,East,0.071,2023-01-15
CST_0246,Customer Account 0246,Retail Gold,West,0.0,2023-01-15
CST_0247,Customer Account 0247,Retail Standard,West,0.0,2023-01-15
CST_0248,Customer Account 0248,Retail Silver,South,0.0,2023-01-15
CST_0249,Customer Account 0249,Retail Silver,West,0.0,2023-01-15
CST_0250,Customer Account 0250,B2B Enterprise,Central,0.155,2023-01-15
CST_0251,Customer Account 0251,Retail Gold,North-East,0.0,2023-01-15
CST_0252,Customer Account 0252,B2B SMB,North,0.092,2023-01-15
CST_0253,Customer Account 0253,Retail Gold,North-East,0.0,2023-01-15
CST_0254,Customer Account 0254,Retail Gold,North-East,0.0,2023-01-15
CST_0255,Customer Account 0255,Retail Gold,West,0.0,2023-01-15
CST_0256,Customer Account 0256,B2B Enterprise,North,0.168,2023-01-15
CST_0257,Customer Account 0257,Retail Silver,North-East,0.0,2023-01-15
CST_0258,Customer Account 0258,Retail Platinum,Central,0.0,2023-01-15
CST_0259,Customer Account 0259,B2B Enterprise,East,0.201,2023-01-15
CST_0260,Customer Account 0260,Retail Standard,Central,0.0,2023-01-15
CST_0261,Customer Account 0261,Retail Standard,North-East,0.0,2023-01-15
CST_0262,Customer Account 0262,Retail Platinum,East,0.0,2023-01-15
CST_0263,Customer Account 0263,Retail Gold,South,0.0,2023-01-15
CST_0264,Customer Account 0264,Retail Standard,North-East,0.0,2023-01-15
CST_0265,Customer Account 0265,B2B SMB,West,0.103,2023-01-15
CST_0266,Customer Account 0266,Retail Standard,North-East,0.0,2023-01-15
CST_0267,Customer Account 0267,Retail Standard,East,0.0,2023-01-15
CST_0268,Customer Account 0268,B2B SMB,South,0.081,2023-01-15
CST_0269,Customer Account 0269,Retail Gold,North,0.0,2023-01-15
CST_0270,Customer Account 0270,Retail Standard,East,0.0,2023-01-15
CST_0271,Customer Account 0271,B2B Enterprise,North,0.204,2023-01-15
CST_0272,Customer Account 0272,B2B SMB,North-East,0.067,2023-01-15
CST_0273,Customer Account 0273,Retail Standard,East,0.0,2023-01-15
CST_0274,Customer Account 0274,Retail Silver,South,0.0,2023-01-15
CST_0275,Customer Account 0275,Retail Standard,Central,0.0,2023-01-15
CST_0276,Customer Account 0276,Retail Silver,East,0.0,2023-01-15
CST_0277,Customer Account 0277,Retail Silver,South,0.0,2023-01-15
CST_0278,Customer Account 0278,Retail Silver,North,0.0,2023-01-15
CST_0279,Customer Account 0279,Retail Silver,South,0.0,2023-01-15
CST_0280,Customer Account 0280,Retail Gold,North-East,0.0,2023-01-15
CST_0281,Customer Account 0281,Retail Standard,South,0.0,2023-01-15
CST_0282,Customer Account 0282,Retail Platinum,West,0.0,2023-01-15
CST_0283,Customer Account 0283,Retail Standard,Central,0.0,2023-01-15
CST_0284,Customer Account 0284,Retail Standard,Central,0.0,2023-01-15
CST_0285,Customer Account 0285,B2B SMB,North-East,0.082,2023-01-15
CST_0286,Customer Account 0286,Retail Silver,North-East,0.0,2023-01-15
CST_0287,Customer Account 0287,Retail Platinum,North-East,0.0,2023-01-15
CST_0288,Customer Account 0288,Retail Standard,North,0.0,2023-01-15
CST_0289,Customer Account 0289,B2B SMB,West,0.061,2023-01-15
CST_0290,Customer Account 0290,Retail Silver,North-East,0.0,2023-01-15
CST_0291,Customer Account 0291,Retail Gold,East,0.0,2023-01-15
CST_0292,Customer Account 0292,Retail Standard,North-East,0.0,2023-01-15
CST_0293,Customer Account 0293,Retail Standard,North-East,0.0,2023-01-15
CST_0294,Customer Account 0294,Retail Platinum,West,0.0,2023-01-15
CST_0295,Customer Account 0295,Retail Standard,South,0.0,2023-01-15
CST_0296,Customer Account 0296,Retail Silver,South,0.0,2023-01-15
CST_0297,Customer Account 0297,Retail Gold,East,0.0,2023-01-15
CST_0298,Customer Account 0298,Retail Platinum,South,0.0,2023-01-15
CST_0299,Customer Account 0299,Retail Gold,West,0.0,2023-01-15
CST_0300,Customer Account 0300,Retail Platinum,East,0.0,2023-01-15
CST_0301,Customer Account 0301,Retail Platinum,North,0.0,2023-01-15
CST_0302,Customer Account 0302,Retail Silver,North-East,0.0,2023-01-15
CST_0303,Customer Account 0303,Retail Silver,West,0.0,2023-01-15
CST_0304,Customer Account 0304,Retail Standard,Central,0.0,2023-01-15
CST_0305,Customer Account 0305,Retail Silver,North,0.0,2023-01-15
CST_0306,Customer Account 0306,Retail Gold,South,0.0,2023-01-15
CST_0307,Customer Account 0307,Retail Silver,South,0.0,2023-01-15
CST_0308,Customer Account 0308,Retail Standard,Central,0.0,2023-01-15
CST_0309,Customer Account 0309,Retail Silver,East,0.0,2023-01-15
CST_0310,Customer Account 0310,Retail Gold,Central,0.0,2023-01-15
CST_0311,Customer Account 0311,B2B Enterprise,North,0.18,2023-01-15
CST_0312,Customer Account 0312,Retail Silver,West,0.0,2023-01-15
CST_0313,Customer Account 0313,Retail Gold,North,0.0,2023-01-15
CST_0314,Customer Account 0314,Retail Standard,East,0.0,2023-01-15
CST_0315,Customer Account 0315,Retail Standard,North-East,0.0,2023-01-15
CST_0316,Customer Account 0316,Retail Standard,West,0.0,2023-01-15
CST_0317,Customer Account 0317,Retail Standard,East,0.0,2023-01-15
CST_0318,Customer Account 0318,Retail Gold,North,0.0,2023-01-15
CST_0319,Customer Account 0319,Retail Standard,North-East,0.0,2023-01-15
CST_0320,Customer Account 0320,B2B Enterprise,Central,0.134,2023-01-15
CST_0321,Customer Account 0321,Retail Standard,North-East,0.0,2023-01-15
CST_0322,Customer Account 0322,Retail Standard,West,0.0,2023-01-15
CST_0323,Customer Account 0323,Retail Platinum,Central,0.0,2023-01-15
CST_0324,Customer Account 0324,Retail Platinum,North-East,0.0,2023-01-15
CST_0325,Customer Account 0325,Retail Silver,East,0.0,2023-01-15
CST_0326,Customer Account 0326,Retail Gold,South,0.0,2023-01-15
CST_0327,Customer Account 0327,Retail Gold,North-East,0.0,2023-01-15
CST_0328,Customer Account 0328,Retail Standard,Central,0.0,2023-01-15
CST_0329,Customer Account 0329,Retail Gold,North,0.0,2023-01-15
CST_0330,Customer Account 0330,Retail Platinum,North,0.0,2023-01-15
CST_0331,Customer Account 0331,Retail Gold,South,0.0,2023-01-15
CST_0332,Customer Account 0332,Retail Silver,West,0.0,2023-01-15
CST_0333,Customer Account 0333,Retail Silver,North-East,0.0,2023-01-15
CST_0334,Customer Account 0334,Retail Standard,West,0.0,2023-01-15
CST_0335,Customer Account 0335,Retail Gold,East,0.0,2023-01-15
CST_0336,Customer Account 0336,Retail Standard,Central,0.0,2023-01-15
CST_0337,Customer Account 0337,Retail Silver,North-East,0.0,2023-01-15
CST_0338,Customer Account 0338,Retail Standard,East,0.0,2023-01-15
CST_0339,Customer Account 0339,Retail Standard,North,0.0,2023-01-15
CST_0340,Customer Account 0340,Retail Gold,Central,0.0,2023-01-15
CST_0341,Customer Account 0341,Retail Standard,North,0.0,2023-01-15
CST_0342,Customer Account 0342,B2B Enterprise,North-East,0.191,2023-01-15
CST_0343,Customer Account 0343,Retail Silver,South,0.0,2023-01-15
CST_0344,Customer Account 0344,Retail Gold,North-East,0.0,2023-01-15
CST_0345,Customer Account 0345,Retail Silver,East,0.0,2023-01-15
CST_0346,Customer Account 0346,Retail Silver,East,0.0,2023-01-15
CST_0347,Customer Account 0347,Retail Gold,Central,0.0,2023-01-15
CST_0348,Customer Account 0348,Retail Silver,Central,0.0,2023-01-15
CST_0349,Customer Account 0349,Retail Platinum,East,0.0,2023-01-15
CST_0350,Customer Account 0350,Retail Standard,West,0.0,2023-01-15
CST_0351,Customer Account 0351,Retail Silver,West,0.0,2023-01-15
CST_0352,Customer Account 0352,Retail Silver,South,0.0,2023-01-15
CST_0353,Customer Account 0353,Retail Gold,Central,0.0,2023-01-15
CST_0354,Customer Account 0354,Retail Standard,North-East,0.0,2023-01-15
CST_0355,Customer Account 0355,Retail Standard,North-East,0.0,2023-01-15
CST_0356,Customer Account 0356,Retail Platinum,South,0.0,2023-01-15
CST_0357,Customer Account 0357,Retail Standard,East,0.0,2023-01-15
CST_0358,Customer Account 0358,Retail Standard,North-East,0.0,2023-01-15
CST_0359,Customer Account 0359,B2B SMB,North,0.061,2023-01-15
CST_0360,Customer Account 0360,Retail Standard,East,0.0,2023-01-15
CST_0361,Customer Account 0361,B2B SMB,East,0.107,2023-01-15
CST_0362,Customer Account 0362,B2B Enterprise,South,0.197,2023-01-15
CST_0363,Customer Account 0363,Retail Gold,North,0.0,2023-01-15
CST_0364,Customer Account 0364,Retail Gold,Central,0.0,2023-01-15
CST_0365,Customer Account 0365,B2B SMB,North,0.116,2023-01-15
CST_0366,Customer Account 0366,Retail Silver,North-East,0.0,2023-01-15
CST_0367,Customer Account 0367,Retail Platinum,South,0.0,2023-01-15
CST_0368,Customer Account 0368,Retail Standard,North-East,0.0,2023-01-15
CST_0369,Customer Account 0369,Retail Standard,North,0.0,2023-01-15
CST_0370,Customer Account 0370,Retail Standard,West,0.0,2023-01-15
CST_0371,Customer Account 0371,Retail Silver,Central,0.0,2023-01-15
CST_0372,Customer Account 0372,Retail Gold,Central,0.0,2023-01-15
CST_0373,Customer Account 0373,Retail Gold,East,0.0,2023-01-15
CST_0374,Customer Account 0374,Retail Standard,South,0.0,2023-01-15
CST_0375,Customer Account 0375,Retail Gold,East,0.0,2023-01-15
CST_0376,Customer Account 0376,Retail Silver,West,0.0,2023-01-15
CST_0377,Customer Account 0377,Retail Standard,South,0.0,2023-01-15
CST_0378,Customer Account 0378,Retail Silver,West,0.0,2023-01-15
CST_0379,Customer Account 0379,Retail Silver,West,0.0,2023-01-15
CST_0380,Customer Account 0380,B2B Enterprise,West,0.134,2023-01-15
CST_0381,Customer Account 0381,Retail Platinum,East,0.0,2023-01-15
CST_0382,Customer Account 0382,Retail Gold,North,0.0,2023-01-15
CST_0383,Customer Account 0383,Retail Gold,West,0.0,2023-01-15
CST_0384,Customer Account 0384,Retail Silver,East,0.0,2023-01-15
CST_0385,Customer Account 0385,Retail Platinum,North,0.0,2023-01-15
CST_0386,Customer Account 0386,Retail Platinum,East,0.0,2023-01-15
CST_0387,Customer Account 0387,Retail Silver,East,0.0,2023-01-15
CST_0388,Customer Account 0388,Retail Gold,East,0.0,2023-01-15
CST_0389,Customer Account 0389,Retail Silver,North,0.0,2023-01-15
CST_0390,Customer Account 0390,Retail Gold,Central,0.0,2023-01-15
CST_0391,Customer Account 0391,Retail Gold,West,0.0,2023-01-15
CST_0392,Customer Account 0392,Retail Platinum,West,0.0,2023-01-15
CST_0393,Customer Account 0393,Retail Gold,North-East,0.0,2023-01-15
CST_0394,Customer Account 0394,Retail Platinum,Central,0.0,2023-01-15
CST_0395,Customer Account 0395,Retail Gold,West,0.0,2023-01-15
CST_0396,Customer Account 0396,B2B SMB,North-East,0.103,2023-01-15
CST_0397,Customer Account 0397,Retail Silver,North-East,0.0,2023-01-15
CST_0398,Customer Account 0398,Retail Gold,South,0.0,2023-01-15
CST_0399,Customer Account 0399,Retail Silver,West,0.0,2023-01-15
CST_0400,Customer Account 0400,Retail Platinum,North,0.0,2023-01-15
CST_0401,Customer Account 0401,Retail Gold,West,0.0,2023-01-15
CST_0402,Customer Account 0402,Retail Gold,South,0.0,2023-01-15
CST_0403,Customer Account 0403,Retail Standard,South,0.0,2023-01-15
CST_0404,Customer Account 0404,Retail Gold,East,0.0,2023-01-15
CST_0405,Customer Account 0405,Retail Standard,Central,0.0,2023-01-15
CST_0406,Customer Account 0406,Retail Gold,North,0.0,2023-01-15
CST_0407,Customer Account 0407,Retail Platinum,West,0.0,2023-01-15
CST_0408,Customer Account 0408,Retail Silver,North-East,0.0,2023-01-15
CST_0409,Customer Account 0409,Retail Gold,Central,0.0,2023-01-15
CST_0410,Customer Account 0410,Retail Platinum,North,0.0,2023-01-15
CST_0411,Customer Account 0411,Retail Silver,South,0.0,2023-01-15
CST_0412,Customer Account 0412,Retail Standard,North-East,0.0,2023-01-15
CST_0413,Customer Account 0413,Retail Silver,North-East,0.0,2023-01-15
CST_0414,Customer Account 0414,Retail Standard,East,0.0,2023-01-15
CST_0415,Customer Account 0415,Retail Standard,North-East,0.0,2023-01-15
CST_0416,Customer Account 0416,Retail Platinum,South,0.0,2023-01-15
CST_0417,Customer Account 0417,B2B Enterprise,North,0.141,2023-01-15
CST_0418,Customer Account 0418,B2B Enterprise,Central,0.208,2023-01-15
CST_0419,Customer Account 0419,Retail Silver,South,0.0,2023-01-15
CST_0420,Customer Account 0420,Retail Standard,Central,0.0,2023-01-15
CST_0421,Customer Account 0421,Retail Gold,South,0.0,2023-01-15
CST_0422,Customer Account 0422,Retail Standard,West,0.0,2023-01-15
CST_0423,Customer Account 0423,Retail Silver,East,0.0,2023-01-15
CST_0424,Customer Account 0424,Retail Standard,Central,0.0,2023-01-15
CST_0425,Customer Account 0425,Retail Gold,North-East,0.0,2023-01-15
CST_0426,Customer Account 0426,Retail Gold,Central,0.0,2023-01-15
CST_0427,Customer Account 0427,Retail Gold,East,0.0,2023-01-15
CST_0428,Customer Account 0428,Retail Standard,East,0.0,2023-01-15
CST_0429,Customer Account 0429,B2B SMB,South,0.094,2023-01-15
CST_0430,Customer Account 0430,Retail Standard,North,0.0,2023-01-15
CST_0431,Customer Account 0431,Retail Silver,North,0.0,2023-01-15
CST_0432,Customer Account 0432,Retail Gold,South,0.0,2023-01-15
CST_0433,Customer Account 0433,Retail Silver,North,0.0,2023-01-15
CST_0434,Customer Account 0434,B2B SMB,West,0.085,2023-01-15
CST_0435,Customer Account 0435,B2B SMB,Central,0.07,2023-01-15
CST_0436,Customer Account 0436,Retail Gold,West,0.0,2023-01-15
CST_0437,Customer Account 0437,Retail Standard,Central,0.0,2023-01-15
CST_0438,Customer Account 0438,Retail Standard,North,0.0,2023-01-15
CST_0439,Customer Account 0439,Retail Gold,North,0.0,2023-01-15
CST_0440,Customer Account 0440,Retail Gold,North-East,0.0,2023-01-15
CST_0441,Customer Account 0441,Retail Standard,Central,0.0,2023-01-15
CST_0442,Customer Account 0442,B2B Enterprise,Central,0.146,2023-01-15
CST_0443,Customer Account 0443,Retail Gold,West,0.0,2023-01-15
CST_0444,Customer Account 0444,Retail Silver,East,0.0,2023-01-15
CST_0445,Customer Account 0445,Retail Silver,Central,0.0,2023-01-15
CST_0446,Customer Account 0446,Retail Platinum,Central,0.0,2023-01-15
CST_0447,Customer Account 0447,Retail Standard,Central,0.0,2023-01-15
CST_0448,Customer Account 0448,Retail Gold,South,0.0,2023-01-15
CST_0449,Customer Account 0449,Retail Gold,South,0.0,2023-01-15
CST_0450,Customer Account 0450,Retail Platinum,West,0.0,2023-01-15
CST_0451,Customer Account 0451,Retail Platinum,Central,0.0,2023-01-15
CST_0452,Customer Account 0452,Retail Silver,South,0.0,2023-01-15
CST_0453,Customer Account 0453,B2B SMB,West,0.077,2023-01-15
CST_0454,Customer Account 0454,Retail Gold,North,0.0,2023-01-15
CST_0455,Customer Account 0455,Retail Standard,West,0.0,2023-01-15
CST_0456,Customer Account 0456,Retail Standard,North-East,0.0,2023-01-15
CST_0457,Customer Account 0457,B2B SMB,North,0.076,2023-01-15
CST_0458,Customer Account 0458,Retail Silver,West,0.0,2023-01-15
CST_0459,Customer Account 0459,Retail Silver,West,0.0,2023-01-15
CST_0460,Customer Account 0460,Retail Standard,West,0.0,2023-01-15
CST_0461,Customer Account 0461,Retail Silver,South,0.0,2023-01-15
CST_0462,Customer Account 0462,Retail Silver,South,0.0,2023-01-15
CST_0463,Customer Account 0463,B2B SMB,North,0.081,2023-01-15
CST_0464,Customer Account 0464,Retail Gold,Central,0.0,2023-01-15
CST_0465,Customer Account 0465,Retail Silver,South,0.0,2023-01-15
CST_0466,Customer Account 0466,Retail Silver,West,0.0,2023-01-15
CST_0467,Customer Account 0467,Retail Standard,Central,0.0,2023-01-15
CST_0468,Customer Account 0468,B2B Enterprise,West,0.147,2023-01-15
CST_0469,Customer Account 0469,Retail Silver,West,0.0,2023-01-15
CST_0470,Customer Account 0470,Retail Gold,West,0.0,2023-01-15
CST_0471,Customer Account 0471,Retail Standard,Central,0.0,2023-01-15
CST_0472,Customer Account 0472,Retail Standard,North,0.0,2023-01-15
CST_0473,Customer Account 0473,Retail Gold,East,0.0,2023-01-15
CST_0474,Customer Account 0474,Retail Silver,West,0.0,2023-01-15
CST_0475,Customer Account 0475,Retail Standard,Central,0.0,2023-01-15
CST_0476,Customer Account 0476,Retail Standard,Central,0.0,2023-01-15
CST_0477,Customer Account 0477,Retail Silver,North-East,0.0,2023-01-15
CST_0478,Customer Account 0478,Retail Standard,South,0.0,2023-01-15
CST_0479,Customer Account 0479,Retail Silver,West,0.0,2023-01-15
CST_0480,Customer Account 0480,Retail Standard,Central,0.0,2023-01-15
CST_0481,Customer Account 0481,Retail Silver,South,0.0,2023-01-15
CST_0482,Customer Account 0482,Retail Silver,North,0.0,2023-01-15
CST_0483,Customer Account 0483,Retail Platinum,Central,0.0,2023-01-15
CST_0484,Customer Account 0484,Retail Silver,North-East,0.0,2023-01-15
CST_0485,Customer Account 0485,B2B SMB,North,0.072,2023-01-15
CST_0486,Customer Account 0486,B2B SMB,West,0.117,2023-01-15
CST_0487,Customer Account 0487,Retail Silver,North-East,0.0,2023-01-15
CST_0488,Customer Account 0488,B2B SMB,West,0.079,2023-01-15
CST_0489,Customer Account 0489,Retail Standard,North,0.0,2023-01-15
CST_0490,Customer Account 0490,Retail Silver,West,0.0,2023-01-15
CST_0491,Customer Account 0491,Retail Silver,Central,0.0,2023-01-15
CST_0492,Customer Account 0492,B2B SMB,Central,0.092,2023-01-15
CST_0493,Customer Account 0493,Retail Gold,East,0.0,2023-01-15
CST_0494,Customer Account 0494,Retail Silver,North,0.0,2023-01-15
CST_0495,Customer Account 0495,Retail Silver,North-East,0.0,2023-01-15
CST_0496,Customer Account 0496,Retail Gold,South,0.0,2023-01-15
CST_0497,Customer Account 0497,Retail Silver,Central,0.0,2023-01-15
CST_0498,Customer Account 0498,Retail Silver,North-East,0.0,2023-01-15
CST_0499,Customer Account 0499,Retail Gold,West,0.0,2023-01-15
CST_0500,Customer Account 0500,Retail Standard,North-East,0.0,2023-01-15
CST_0501,Customer Account 0501,B2B Enterprise,Central,0.173,2023-01-15
CST_0502,Customer Account 0502,Retail Standard,West,0.0,2023-01-15
CST_0503,Customer Account 0503,B2B SMB,North-East,0.081,2023-01-15
CST_0504,Customer Account 0504,Retail Standard,Central,0.0,2023-01-15
CST_0505,Customer Account 0505,B2B Enterprise,East,0.183,2023-01-15
CST_0506,Customer Account 0506,Retail Standard,North,0.0,2023-01-15
CST_0507,Customer Account 0507,Retail Standard,North,0.0,2023-01-15
CST_0508,Customer Account 0508,Retail Gold,East,0.0,2023-01-15
CST_0509,Customer Account 0509,Retail Standard,North-East,0.0,2023-01-15
CST_0510,Customer Account 0510,B2B Enterprise,Central,0.155,2023-01-15
CST_0511,Customer Account 0511,Retail Gold,East,0.0,2023-01-15
CST_0512,Customer Account 0512,Retail Standard,Central,0.0,2023-01-15
CST_0513,Customer Account 0513,B2B Enterprise,North,0.211,2023-01-15
CST_0514,Customer Account 0514,B2B Enterprise,North,0.159,2023-01-15
CST_0515,Customer Account 0515,B2B SMB,West,0.117,2023-01-15
CST_0516,Customer Account 0516,Retail Standard,West,0.0,2023-01-15
CST_0517,Customer Account 0517,Retail Silver,North-East,0.0,2023-01-15
CST_0518,Customer Account 0518,Retail Silver,North-East,0.0,2023-01-15
CST_0519,Customer Account 0519,Retail Silver,North,0.0,2023-01-15
CST_0520,Customer Account 0520,Retail Standard,East,0.0,2023-01-15
CST_0521,Customer Account 0521,Retail Platinum,East,0.0,2023-01-15
CST_0522,Customer Account 0522,Retail Standard,North-East,0.0,2023-01-15
CST_0523,Customer Account 0523,Retail Silver,Central,0.0,2023-01-15
CST_0524,Customer Account 0524,B2B SMB,West,0.071,2023-01-15
CST_0525,Customer Account 0525,Retail Platinum,North,0.0,2023-01-15
CST_0526,Customer Account 0526,Retail Standard,North-East,0.0,2023-01-15
CST_0527,Customer Account 0527,Retail Standard,North-East,0.0,2023-01-15
CST_0528,Customer Account 0528,Retail Standard,North,0.0,2023-01-15
CST_0529,Customer Account 0529,Retail Silver,East,0.0,2023-01-15
CST_0530,Customer Account 0530,Retail Standard,Central,0.0,2023-01-15
CST_0531,Customer Account 0531,Retail Gold,West,0.0,2023-01-15
CST_0532,Customer Account 0532,Retail Standard,North-East,0.0,2023-01-15
CST_0533,Customer Account 0533,Retail Standard,West,0.0,2023-01-15
CST_0534,Customer Account 0534,Retail Standard,North-East,0.0,2023-01-15
CST_0535,Customer Account 0535,Retail Silver,Central,0.0,2023-01-15
CST_0536,Customer Account 0536,Retail Silver,North,0.0,2023-01-15
CST_0537,Customer Account 0537,Retail Standard,Central,0.0,2023-01-15
CST_0538,Customer Account 0538,B2B SMB,North,0.083,2023-01-15
CST_0539,Customer Account 0539,Retail Gold,Central,0.0,2023-01-15
CST_0540,Customer Account 0540,Retail Standard,North,0.0,2023-01-15
CST_0541,Customer Account 0541,Retail Standard,South,0.0,2023-01-15
CST_0542,Customer Account 0542,Retail Standard,North,0.0,2023-01-15
CST_0543,Customer Account 0543,Retail Silver,West,0.0,2023-01-15
CST_0544,Customer Account 0544,Retail Gold,East,0.0,2023-01-15
CST_0545,Customer Account 0545,Retail Gold,West,0.0,2023-01-15
CST_0546,Customer Account 0546,Retail Standard,South,0.0,2023-01-15
CST_0547,Customer Account 0547,Retail Silver,Central,0.0,2023-01-15
CST_0548,Customer Account 0548,Retail Platinum,Central,0.0,2023-01-15
CST_0549,Customer Account 0549,Retail Standard,Central,0.0,2023-01-15
CST_0550,Customer Account 0550,Retail Standard,Central,0.0,2023-01-15
CST_0551,Customer Account 0551,Retail Silver,Central,0.0,2023-01-15
CST_0552,Customer Account 0552,Retail Standard,West,0.0,2023-01-15
CST_0553,Customer Account 0553,Retail Gold,South,0.0,2023-01-15
CST_0554,Customer Account 0554,Retail Silver,Central,0.0,2023-01-15
CST_0555,Customer Account 0555,Retail Gold,North-East,0.0,2023-01-15
CST_0556,Customer Account 0556,Retail Silver,East,0.0,2023-01-15
CST_0557,Customer Account 0557,Retail Standard,West,0.0,2023-01-15
CST_0558,Customer Account 0558,Retail Platinum,Central,0.0,2023-01-15
CST_0559,Customer Account 0559,Retail Standard,North,0.0,2023-01-15
CST_0560,Customer Account 0560,Retail Standard,East,0.0,2023-01-15
CST_0561,Customer Account 0561,Retail Silver,North-East,0.0,2023-01-15
CST_0562,Customer Account 0562,Retail Platinum,Central,0.0,2023-01-15
CST_0563,Customer Account 0563,Retail Standard,South,0.0,2023-01-15
CST_0564,Customer Account 0564,Retail Silver,South,0.0,2023-01-15
CST_0565,Customer Account 0565,B2B SMB,West,0.074,2023-01-15
CST_0566,Customer Account 0566,Retail Standard,South,0.0,2023-01-15
CST_0567,Customer Account 0567,Retail Standard,North-East,0.0,2023-01-15
CST_0568,Customer Account 0568,Retail Standard,East,0.0,2023-01-15
CST_0569,Customer Account 0569,B2B Enterprise,Central,0.182,2023-01-15
CST_0570,Customer Account 0570,Retail Standard,North,0.0,2023-01-15
CST_0571,Customer Account 0571,B2B SMB,South,0.098,2023-01-15
CST_0572,Customer Account 0572,Retail Silver,West,0.0,2023-01-15
CST_0573,Customer Account 0573,B2B SMB,West,0.106,2023-01-15
CST_0574,Customer Account 0574,Retail Silver,South,0.0,2023-01-15
CST_0575,Customer Account 0575,Retail Gold,East,0.0,2023-01-15
CST_0576,Customer Account 0576,Retail Platinum,Central,0.0,2023-01-15
CST_0577,Customer Account 0577,B2B SMB,East,0.07,2023-01-15
CST_0578,Customer Account 0578,Retail Standard,East,0.0,2023-01-15
CST_0579,Customer Account 0579,Retail Gold,North,0.0,2023-01-15
CST_0580,Customer Account 0580,Retail Standard,North,0.0,2023-01-15
CST_0581,Customer Account 0581,Retail Silver,North,0.0,2023-01-15
CST_0582,Customer Account 0582,B2B SMB,West,0.111,2023-01-15
CST_0583,Customer Account 0583,Retail Standard,Central,0.0,2023-01-15
CST_0584,Customer Account 0584,Retail Gold,West,0.0,2023-01-15
CST_0585,Customer Account 0585,B2B SMB,Central,0.083,2023-01-15
CST_0586,Customer Account 0586,B2B SMB,North,0.079,2023-01-15
CST_0587,Customer Account 0587,Retail Silver,West,0.0,2023-01-15
CST_0588,Customer Account 0588,Retail Gold,South,0.0,2023-01-15
CST_0589,Customer Account 0589,Retail Platinum,South,0.0,2023-01-15
CST_0590,Customer Account 0590,Retail Standard,North,0.0,2023-01-15
CST_0591,Customer Account 0591,B2B SMB,North,0.07,2023-01-15
CST_0592,Customer Account 0592,Retail Standard,Central,0.0,2023-01-15
CST_0593,Customer Account 0593,Retail Gold,South,0.0,2023-01-15
CST_0594,Customer Account 0594,Retail Standard,East,0.0,2023-01-15
CST_0595,Customer Account 0595,Retail Silver,West,0.0,2023-01-15
CST_0596,Customer Account 0596,Retail Standard,North-East,0.0,2023-01-15
CST_0597,Customer Account 0597,Retail Platinum,East,0.0,2023-01-15
CST_0598,Customer Account 0598,Retail Standard,Central,0.0,2023-01-15
CST_0599,Customer Account 0599,Retail Silver,North-East,0.0,2023-01-15
CST_0600,Customer Account 0600,Retail Standard,Central,0.0,2023-01-15
CST_0601,Customer Account 0601,Retail Standard,North,0.0,2023-01-15
CST_0602,Customer Account 0602,Retail Gold,North-East,0.0,2023-01-15
CST_0603,Customer Account 0603,Retail Platinum,Central,0.0,2023-01-15
CST_0604,Customer Account 0604,Retail Platinum,North,0.0,2023-01-15
CST_0605,Customer Account 0605,Retail Silver,East,0.0,2023-01-15
CST_0606,Customer Account 0606,Retail Silver,East,0.0,2023-01-15
CST_0607,Customer Account 0607,Retail Silver,East,0.0,2023-01-15
CST_0608,Customer Account 0608,Retail Platinum,North,0.0,2023-01-15
CST_0609,Customer Account 0609,B2B SMB,West,0.111,2023-01-15
CST_0610,Customer Account 0610,Retail Standard,West,0.0,2023-01-15
CST_0611,Customer Account 0611,Retail Standard,East,0.0,2023-01-15
CST_0612,Customer Account 0612,B2B Enterprise,East,0.217,2023-01-15
CST_0613,Customer Account 0613,Retail Platinum,North,0.0,2023-01-15
CST_0614,Customer Account 0614,B2B Enterprise,North,0.181,2023-01-15
CST_0615,Customer Account 0615,Retail Platinum,North,0.0,2023-01-15
CST_0616,Customer Account 0616,Retail Platinum,North,0.0,2023-01-15
CST_0617,Customer Account 0617,Retail Platinum,North-East,0.0,2023-01-15
CST_0618,Customer Account 0618,Retail Silver,Central,0.0,2023-01-15
CST_0619,Customer Account 0619,Retail Silver,West,0.0,2023-01-15
CST_0620,Customer Account 0620,Retail Standard,North,0.0,2023-01-15
CST_0621,Customer Account 0621,B2B Enterprise,South,0.188,2023-01-15
CST_0622,Customer Account 0622,Retail Gold,North-East,0.0,2023-01-15
CST_0623,Customer Account 0623,Retail Gold,Central,0.0,2023-01-15
CST_0624,Customer Account 0624,Retail Standard,East,0.0,2023-01-15
CST_0625,Customer Account 0625,Retail Standard,West,0.0,2023-01-15
CST_0626,Customer Account 0626,Retail Silver,North,0.0,2023-01-15
CST_0627,Customer Account 0627,Retail Platinum,North,0.0,2023-01-15
CST_0628,Customer Account 0628,Retail Silver,North-East,0.0,2023-01-15
CST_0629,Customer Account 0629,Retail Silver,East,0.0,2023-01-15
CST_0630,Customer Account 0630,Retail Gold,South,0.0,2023-01-15
CST_0631,Customer Account 0631,Retail Gold,South,0.0,2023-01-15
CST_0632,Customer Account 0632,Retail Silver,North,0.0,2023-01-15
CST_0633,Customer Account 0633,Retail Gold,North,0.0,2023-01-15
CST_0634,Customer Account 0634,Retail Standard,South,0.0,2023-01-15
CST_0635,Customer Account 0635,Retail Gold,South,0.0,2023-01-15
CST_0636,Customer Account 0636,Retail Standard,South,0.0,2023-01-15
CST_0637,Customer Account 0637,Retail Silver,South,0.0,2023-01-15
CST_0638,Customer Account 0638,Retail Standard,South,0.0,2023-01-15
CST_0639,Customer Account 0639,Retail Platinum,North,0.0,2023-01-15
CST_0640,Customer Account 0640,Retail Standard,Central,0.0,2023-01-15
CST_0641,Customer Account 0641,Retail Standard,North-East,0.0,2023-01-15
CST_0642,Customer Account 0642,Retail Silver,North,0.0,2023-01-15
CST_0643,Customer Account 0643,B2B SMB,North,0.103,2023-01-15
CST_0644,Customer Account 0644,Retail Standard,South,0.0,2023-01-15
CST_0645,Customer Account 0645,Retail Silver,East,0.0,2023-01-15
CST_0646,Customer Account 0646,Retail Gold,West,0.0,2023-01-15
CST_0647,Customer Account 0647,Retail Silver,West,0.0,2023-01-15
CST_0648,Customer Account 0648,Retail Standard,East,0.0,2023-01-15
CST_0649,Customer Account 0649,Retail Silver,North-East,0.0,2023-01-15
CST_0650,Customer Account 0650,Retail Silver,West,0.0,2023-01-15
CST_0651,Customer Account 0651,B2B Enterprise,East,0.193,2023-01-15
CST_0652,Customer Account 0652,B2B SMB,North-East,0.096,2023-01-15
CST_0653,Customer Account 0653,Retail Silver,North,0.0,2023-01-15
CST_0654,Customer Account 0654,Retail Standard,South,0.0,2023-01-15
CST_0655,Customer Account 0655,Retail Gold,North-East,0.0,2023-01-15
CST_0656,Customer Account 0656,Retail Gold,Central,0.0,2023-01-15
CST_0657,Customer Account 0657,Retail Standard,West,0.0,2023-01-15
CST_0658,Customer Account 0658,Retail Platinum,North-East,0.0,2023-01-15
CST_0659,Customer Account 0659,Retail Standard,North-East,0.0,2023-01-15
CST_0660,Customer Account 0660,Retail Gold,North,0.0,2023-01-15
CST_0661,Customer Account 0661,Retail Silver,East,0.0,2023-01-15
CST_0662,Customer Account 0662,Retail Platinum,West,0.0,2023-01-15
CST_0663,Customer Account 0663,Retail Platinum,North-East,0.0,2023-01-15
CST_0664,Customer Account 0664,B2B Enterprise,North,0.204,2023-01-15
CST_0665,Customer Account 0665,Retail Platinum,Central,0.0,2023-01-15
CST_0666,Customer Account 0666,Retail Standard,Central,0.0,2023-01-15
CST_0667,Customer Account 0667,Retail Standard,Central,0.0,2023-01-15
CST_0668,Customer Account 0668,Retail Gold,East,0.0,2023-01-15
CST_0669,Customer Account 0669,Retail Standard,East,0.0,2023-01-15
CST_0670,Customer Account 0670,B2B Enterprise,North,0.171,2023-01-15
CST_0671,Customer Account 0671,Retail Silver,South,0.0,2023-01-15
CST_0672,Customer Account 0672,Retail Standard,East,0.0,2023-01-15
CST_0673,Customer Account 0673,Retail Standard,South,0.0,2023-01-15
CST_0674,Customer Account 0674,Retail Standard,South,0.0,2023-01-15
CST_0675,Customer Account 0675,Retail Standard,South,0.0,2023-01-15
CST_0676,Customer Account 0676,Retail Standard,East,0.0,2023-01-15
CST_0677,Customer Account 0677,Retail Gold,South,0.0,2023-01-15
CST_0678,Customer Account 0678,Retail Silver,North,0.0,2023-01-15
CST_0679,Customer Account 0679,B2B SMB,East,0.115,2023-01-15
CST_0680,Customer Account 0680,Retail Platinum,East,0.0,2023-01-15
CST_0681,Customer Account 0681,Retail Gold,South,0.0,2023-01-15
CST_0682,Customer Account 0682,Retail Platinum,Central,0.0,2023-01-15
CST_0683,Customer Account 0683,B2B SMB,North,0.075,2023-01-15
CST_0684,Customer Account 0684,Retail Standard,North-East,0.0,2023-01-15
CST_0685,Customer Account 0685,Retail Silver,North,0.0,2023-01-15
CST_0686,Customer Account 0686,Retail Silver,North-East,0.0,2023-01-15
CST_0687,Customer Account 0687,Retail Silver,North,0.0,2023-01-15
CST_0688,Customer Account 0688,Retail Standard,South,0.0,2023-01-15
CST_0689,Customer Account 0689,Retail Standard,Central,0.0,2023-01-15
CST_0690,Customer Account 0690,Retail Gold,East,0.0,2023-01-15
CST_0691,Customer Account 0691,B2B SMB,Central,0.074,2023-01-15
CST_0692,Customer Account 0692,Retail Platinum,South,0.0,2023-01-15
CST_0693,Customer Account 0693,B2B SMB,North-East,0.08,2023-01-15
CST_0694,Customer Account 0694,Retail Gold,East,0.0,2023-01-15
CST_0695,Customer Account 0695,Retail Standard,North,0.0,2023-01-15
CST_0696,Customer Account 0696,Retail Gold,West,0.0,2023-01-15
CST_0697,Customer Account 0697,Retail Standard,North,0.0,2023-01-15
CST_0698,Customer Account 0698,Retail Platinum,East,0.0,2023-01-15
CST_0699,Customer Account 0699,Retail Gold,West,0.0,2023-01-15
CST_0700,Customer Account 0700,Retail Standard,Central,0.0,2023-01-15
CST_0701,Customer Account 0701,Retail Silver,North,0.0,2023-01-15
CST_0702,Customer Account 0702,Retail Standard,East,0.0,2023-01-15
CST_0703,Customer Account 0703,Retail Gold,North-East,0.0,2023-01-15
CST_0704,Customer Account 0704,Retail Platinum,Central,0.0,2023-01-15
CST_0705,Customer Account 0705,B2B Enterprise,North-East,0.126,2023-01-15
CST_0706,Customer Account 0706,Retail Silver,East,0.0,2023-01-15
CST_0707,Customer Account 0707,B2B SMB,North,0.067,2023-01-15
CST_0708,Customer Account 0708,Retail Silver,Central,0.0,2023-01-15
CST_0709,Customer Account 0709,B2B SMB,North,0.09,2023-01-15
CST_0710,Customer Account 0710,B2B Enterprise,South,0.16,2023-01-15
CST_0711,Customer Account 0711,Retail Silver,West,0.0,2023-01-15
CST_0712,Customer Account 0712,B2B Enterprise,South,0.152,2023-01-15
CST_0713,Customer Account 0713,Retail Standard,West,0.0,2023-01-15
CST_0714,Customer Account 0714,Retail Silver,East,0.0,2023-01-15
CST_0715,Customer Account 0715,Retail Silver,North-East,0.0,2023-01-15
CST_0716,Customer Account 0716,Retail Gold,South,0.0,2023-01-15
CST_0717,Customer Account 0717,Retail Platinum,South,0.0,2023-01-15
CST_0718,Customer Account 0718,Retail Platinum,Central,0.0,2023-01-15
CST_0719,Customer Account 0719,Retail Gold,Central,0.0,2023-01-15
CST_0720,Customer Account 0720,Retail Standard,South,0.0,2023-01-15
CST_0721,Customer Account 0721,Retail Silver,South,0.0,2023-01-15
CST_0722,Customer Account 0722,Retail Gold,North-East,0.0,2023-01-15
CST_0723,Customer Account 0723,Retail Silver,North,0.0,2023-01-15
CST_0724,Customer Account 0724,Retail Standard,North,0.0,2023-01-15
CST_0725,Customer Account 0725,B2B Enterprise,North,0.189,2023-01-15
CST_0726,Customer Account 0726,Retail Silver,West,0.0,2023-01-15
CST_0727,Customer Account 0727,Retail Standard,North-East,0.0,2023-01-15
CST_0728,Customer Account 0728,Retail Gold,Central,0.0,2023-01-15
CST_0729,Customer Account 0729,Retail Silver,North-East,0.0,2023-01-15
CST_0730,Customer Account 0730,Retail Silver,South,0.0,2023-01-15
CST_0731,Customer Account 0731,Retail Silver,North,0.0,2023-01-15
CST_0732,Customer Account 0732,Retail Standard,North,0.0,2023-01-15
CST_0733,Customer Account 0733,Retail Standard,North,0.0,2023-01-15
CST_0734,Customer Account 0734,B2B SMB,North,0.067,2023-01-15
CST_0735,Customer Account 0735,Retail Silver,North-East,0.0,2023-01-15
CST_0736,Customer Account 0736,Retail Gold,North-East,0.0,2023-01-15
CST_0737,Customer Account 0737,Retail Gold,South,0.0,2023-01-15
CST_0738,Customer Account 0738,Retail Standard,North,0.0,2023-01-15
CST_0739,Customer Account 0739,Retail Gold,Central,0.0,2023-01-15
CST_0740,Customer Account 0740,Retail Standard,North-East,0.0,2023-01-15
CST_0741,Customer Account 0741,Retail Silver,North,0.0,2023-01-15
CST_0742,Customer Account 0742,Retail Gold,North,0.0,2023-01-15
CST_0743,Customer Account 0743,Retail Gold,Central,0.0,2023-01-15
CST_0744,Customer Account 0744,Retail Gold,Central,0.0,2023-01-15
CST_0745,Customer Account 0745,Retail Gold,North,0.0,2023-01-15
CST_0746,Customer Account 0746,Retail Silver,West,0.0,2023-01-15
CST_0747,Customer Account 0747,Retail Platinum,South,0.0,2023-01-15
CST_0748,Customer Account 0748,Retail Silver,North-East,0.0,2023-01-15
CST_0749,Customer Account 0749,Retail Silver,South,0.0,2023-01-15
CST_0750,Customer Account 0750,Retail Silver,West,0.0,2023-01-15
