observation_date,product_id,competitor_name,competitor_price_inr,omniretail_list_price_inr,price_index_vs_competitor
2025-12-01,PROD_1001,Reliance Retail,27651.36,29029,1.05
2025-12-01,PROD_1001,D-Mart,28450.92,29029,1.02
2025-12-01,PROD_1001,Amazon India,29790.54,29029,0.974
2025-12-01,PROD_1001,Flipkart,29665.91,29029,0.979
2025-12-01,PROD_1002,Reliance Retail,12664.91,12969,1.024
2025-12-01,PROD_1002,D-Mart,13145.01,12969,0.987
2025-12-01,PROD_1002,Amazon India,13176.07,12969,0.984
2025-12-01,PROD_1002,Flipkart,12478.31,12969,1.039
2025-12-01,PROD_1003,Reliance Retail,44233.55,45679,1.033
2025-12-01,PROD_1003,D-Mart,45918.34,45679,0.995
2025-12-01,PROD_1003,Amazon India,44359.9,45679,1.03
2025-12-01,PROD_1003,Flipkart,46823.36,45679,0.976
2025-12-01,PROD_1004,Reliance Retail,60701.92,62679,1.033
2025-12-01,PROD_1004,D-Mart,63552.22,62679,0.986
2025-12-01,PROD_1004,Amazon India,63346.41,62679,0.989
2025-12-01,PROD_1004,Flipkart,62071.06,62679,1.01
2025-12-01,PROD_1005,Reliance Retail,23168.57,23859,1.03
2025-12-01,PROD_1005,D-Mart,22730.68,23859,1.05
2025-12-01,PROD_1005,Amazon India,24247.2,23859,0.984
2025-12-01,PROD_1005,Flipkart,23387.08,23859,1.02
2025-12-01,PROD_1006,Reliance Retail,45409.92,46469,1.023
2025-12-01,PROD_1006,D-Mart,44310.96,46469,1.049
2025-12-01,PROD_1006,Amazon India,44708.12,46469,1.039
2025-12-01,PROD_1006,Flipkart,45513.28,46469,1.021
2025-12-01,PROD_1007,Reliance Retail,35203.42,35019,0.995
2025-12-01,PROD_1007,D-Mart,33848.88,35019,1.035
2025-12-01,PROD_1007,Amazon India,33726.41,35019,1.038
2025-12-01,PROD_1007,Flipkart,34002.88,35019,1.03
2025-12-01,PROD_1008,Reliance Retail,43808.3,45039,1.028
2025-12-01,PROD_1008,D-Mart,44264.27,45039,1.018
2025-12-01,PROD_1008,Amazon India,44087.55,45039,1.022
2025-12-01,PROD_1008,Flipkart,43053.41,45039,1.046
2025-12-01,PROD_1009,Reliance Retail,6275.44,6279,1.001
2025-12-01,PROD_1009,D-Mart,6030.58,6279,1.041
2025-12-01,PROD_1009,Amazon India,6401.28,6279,0.981
2025-12-01,PROD_1009,Flipkart,6396.8,6279,0.982
2025-12-01,PROD_1010,Reliance Retail,22832.89,23889,1.046
2025-12-01,PROD_1010,D-Mart,23484.03,23889,1.017
2025-12-01,PROD_1010,Amazon India,23605.93,23889,1.012
2025-12-01,PROD_1010,Flipkart,24597.77,23889,0.971
2025-12-01,PROD_1011,Reliance Retail,10155.98,10469,1.031
2025-12-01,PROD_1011,D-Mart,10478.17,10469,0.999
2025-12-01,PROD_1011,Amazon India,10328.37,10469,1.014
2025-12-01,PROD_1011,Flipkart,10589.26,10469,0.989
2025-12-01,PROD_1012,Reliance Retail,19900.87,20519,1.031
2025-12-01,PROD_1012,D-Mart,20610.8,20519,0.996
2025-12-01,PROD_1012,Amazon India,19706.27,20519,1.041
2025-12-01,PROD_1012,Flipkart,19517.88,20519,1.051
2025-12-01,PROD_1013,Reliance Retail,39655.81,41679,1.051
2025-12-01,PROD_1013,D-Mart,41237.84,41679,1.011
2025-12-01,PROD_1013,Amazon India,42164.92,41679,0.988
2025-12-01,PROD_1013,Flipkart,41521.04,41679,1.004
2025-12-01,PROD_1014,Reliance Retail,67226.55,70549,1.049
2025-12-01,PROD_1014,D-Mart,70137.43,70549,1.006
2025-12-01,PROD_1014,Amazon India,67660.75,70549,1.043
2025-12-01,PROD_1014,Flipkart,72470.18,70549,0.973
2025-12-01,PROD_1015,Reliance Retail,7824.67,7999,1.022
2025-12-01,PROD_1015,D-Mart,7921.2,7999,1.01
2025-12-01,PROD_1015,Amazon India,7815.82,7999,1.023
2025-12-01,PROD_1015,Flipkart,7897.95,7999,1.013
2025-12-01,PROD_1016,Reliance Retail,30871.15,30069,0.974
2025-12-01,PROD_1016,D-Mart,29192.25,30069,1.03
2025-12-01,PROD_1016,Amazon India,30292.91,30069,0.993
2025-12-01,PROD_1016,Flipkart,30382.41,30069,0.99
2025-12-01,PROD_1017,Reliance Retail,21379.3,22149,1.036
2025-12-01,PROD_1017,D-Mart,22333.54,22149,0.992
2025-12-01,PROD_1017,Amazon India,22189.74,22149,0.998
2025-12-01,PROD_1017,Flipkart,21557.25,22149,1.027
2025-12-01,PROD_1018,Reliance Retail,6921.88,6979,1.008
2025-12-01,PROD_1018,D-Mart,6959.45,6979,1.003
2025-12-01,PROD_1018,Amazon India,7097.11,6979,0.983
2025-12-01,PROD_1018,Flipkart,6699.74,6979,1.042
2025-12-01,PROD_1019,Reliance Retail,1951.71,1899,0.973
2025-12-01,PROD_1019,D-Mart,1920.9,1899,0.989
2025-12-01,PROD_1019,Amazon India,1885.32,1899,1.007
2025-12-01,PROD_1019,Flipkart,1921.97,1899,0.988
2025-12-01,PROD_1020,Reliance Retail,58692.5,58189,0.991
2025-12-01,PROD_1020,D-Mart,57421.51,58189,1.013
2025-12-01,PROD_1020,Amazon India,56843.91,58189,1.024
2025-12-01,PROD_1020,Flipkart,59881.61,58189,0.972
2025-12-01,PROD_1021,Reliance Retail,66286.52,64939,0.98
2025-12-01,PROD_1021,D-Mart,66632.2,64939,0.975
2025-12-01,PROD_1021,Amazon India,61943.86,64939,1.048
2025-12-01,PROD_1021,Flipkart,65927.25,64939,0.985
2025-12-01,PROD_1022,Reliance Retail,24877.8,24359,0.979
2025-12-01,PROD_1022,D-Mart,24070.38,24359,1.012
2025-12-01,PROD_1022,Amazon India,24877.23,24359,0.979
2025-12-01,PROD_1022,Flipkart,23337.63,24359,1.044
2025-12-01,PROD_1023,Reliance Retail,63696.29,66709,1.047
2025-12-01,PROD_1023,D-Mart,64929.52,66709,1.027
2025-12-01,PROD_1023,Amazon India,63513.6,66709,1.05
2025-12-01,PROD_1023,Flipkart,67023.81,66709,0.995
2025-12-01,PROD_1024,Reliance Retail,58806.1,57419,0.976
2025-12-01,PROD_1024,D-Mart,55903.4,57419,1.027
2025-12-01,PROD_1024,Amazon India,57577.96,57419,0.997
2025-12-01,PROD_1024,Flipkart,56698.04,57419,1.013
2025-12-01,PROD_1025,Reliance Retail,38737.58,39919,1.03
2025-12-01,PROD_1025,D-Mart,40856.5,39919,0.977
2025-12-01,PROD_1025,Amazon India,40982.16,39919,0.974
2025-12-01,PROD_1025,Flipkart,38353.39,39919,1.041
2025-12-01,PROD_1026,Reliance Retail,3852.26,3809,0.989
2025-12-01,PROD_1026,D-Mart,3676.09,3809,1.036
2025-12-01,PROD_1026,Amazon India,3767.32,3809,1.011
2025-12-01,PROD_1026,Flipkart,3728.55,3809,1.022
2025-12-01,PROD_1027,Reliance Retail,66129.93,68209,1.031
2025-12-01,PROD_1027,D-Mart,68486.25,68209,0.996
2025-12-01,PROD_1027,Amazon India,69466.21,68209,0.982
2025-12-01,PROD_1027,Flipkart,69061.18,68209,0.988
2025-12-01,PROD_1028,Reliance Retail,18461.57,18319,0.992
2025-12-01,PROD_1028,D-Mart,17500.15,18319,1.047
2025-12-01,PROD_1028,Amazon India,17545.83,18319,1.044
2025-12-01,PROD_1028,Flipkart,18084.27,18319,1.013
2025-12-01,PROD_1029,Reliance Retail,69442.22,69829,1.006
2025-12-01,PROD_1029,D-Mart,70378.62,69829,0.992
2025-12-01,PROD_1029,Amazon India,68325.47,69829,1.022
2025-12-01,PROD_1029,Flipkart,66465.62,69829,1.051
2025-12-01,PROD_1030,Reliance Retail,57715.48,60569,1.049
2025-12-01,PROD_1030,D-Mart,61682.65,60569,0.982
2025-12-01,PROD_1030,Amazon India,58163.45,60569,1.041
2025-12-01,PROD_1030,Flipkart,62080.29,60569,0.976
2025-12-01,PROD_1031,Reliance Retail,59425.76,60849,1.024
2025-12-01,PROD_1031,D-Mart,60647.73,60849,1.003
2025-12-01,PROD_1031,Amazon India,58627.37,60849,1.038
2025-12-01,PROD_1031,Flipkart,60016.77,60849,1.014
2025-12-01,PROD_1032,Reliance Retail,18615.16,18249,0.98
2025-12-01,PROD_1032,D-Mart,18773.31,18249,0.972
2025-12-01,PROD_1032,Amazon India,18455.64,18249,0.989
2025-12-01,PROD_1032,Flipkart,18452.83,18249,0.989
2025-12-01,PROD_1033,Reliance Retail,2050.84,2009,0.98
2025-12-01,PROD_1033,D-Mart,1947.91,2009,1.031
2025-12-01,PROD_1033,Amazon India,2026.88,2009,0.991
2025-12-01,PROD_1033,Flipkart,1998.29,2009,1.005
2025-12-01,PROD_1034,Reliance Retail,10009.36,10309,1.03
2025-12-01,PROD_1034,D-Mart,9839.3,10309,1.048
2025-12-01,PROD_1034,Amazon India,9959.17,10309,1.035
2025-12-01,PROD_1034,Flipkart,10329.77,10309,0.998
2025-12-01,PROD_1035,Reliance Retail,39454.15,39629,1.004
2025-12-01,PROD_1035,D-Mart,37867.16,39629,1.047
2025-12-01,PROD_1035,Amazon India,39430.26,39629,1.005
2025-12-01,PROD_1035,Flipkart,38886.03,39629,1.019
2025-12-01,PROD_1036,Reliance Retail,68713.34,72239,1.051
2025-12-01,PROD_1036,D-Mart,73883.11,72239,0.978
2025-12-01,PROD_1036,Amazon India,70120.24,72239,1.03
2025-12-01,PROD_1036,Flipkart,71825.19,72239,1.006
2025-12-01,PROD_1037,Reliance Retail,22374.63,22439,1.003
2025-12-01,PROD_1037,D-Mart,22212.47,22439,1.01
2025-12-01,PROD_1037,Amazon India,21747.13,22439,1.032
2025-12-01,PROD_1037,Flipkart,22048.32,22439,1.018
2025-12-01,PROD_1038,Reliance Retail,5137.66,5279,1.028
2025-12-01,PROD_1038,D-Mart,5198.15,5279,1.016
2025-12-01,PROD_1038,Amazon India,5049.96,5279,1.045
2025-12-01,PROD_1038,Flipkart,5085.13,5279,1.038
2025-12-01,PROD_1039,Reliance Retail,11675.21,12149,1.041
2025-12-01,PROD_1039,D-Mart,12119.84,12149,1.002
2025-12-01,PROD_1039,Amazon India,12179.03,12149,0.998
2025-12-01,PROD_1039,Flipkart,12429.84,12149,0.977
2025-12-01,PROD_1040,Reliance Retail,49421.55,50899,1.03
2025-12-01,PROD_1040,D-Mart,49956.3,50899,1.019
2025-12-01,PROD_1040,Amazon India,50888.54,50899,1.0
2025-12-01,PROD_1040,Flipkart,52310.96,50899,0.973
2025-12-01,PROD_1041,Reliance Retail,27996.12,28529,1.019
2025-12-01,PROD_1041,D-Mart,27763.55,28529,1.028
2025-12-01,PROD_1041,Amazon India,27987.62,28529,1.019
2025-12-01,PROD_1041,Flipkart,27808.47,28529,1.026
2025-12-01,PROD_1042,Reliance Retail,7787.45,8139,1.045
2025-12-01,PROD_1042,D-Mart,7957.33,8139,1.023
2025-12-01,PROD_1042,Amazon India,8113.17,8139,1.003
2025-12-01,PROD_1042,Flipkart,7851.07,8139,1.037
2025-12-01,PROD_1043,Reliance Retail,4574.1,4499,0.984
2025-12-01,PROD_1043,D-Mart,4538.72,4499,0.991
2025-12-01,PROD_1043,Amazon India,4475.1,4499,1.005
2025-12-01,PROD_1043,Flipkart,4539.49,4499,0.991
2025-12-01,PROD_1044,Reliance Retail,38173.57,39139,1.025
2025-12-01,PROD_1044,D-Mart,37808.7,39139,1.035
2025-12-01,PROD_1044,Amazon India,39819.31,39139,0.983
2025-12-01,PROD_1044,Flipkart,39745.79,39139,0.985
2025-12-01,PROD_1045,Reliance Retail,52743.04,52279,0.991
2025-12-01,PROD_1045,D-Mart,50737.01,52279,1.03
2025-12-01,PROD_1045,Amazon India,51102.34,52279,1.023
2025-12-01,PROD_1045,Flipkart,51256.74,52279,1.02
2025-12-01,PROD_1046,Reliance Retail,25632.15,26569,1.037
2025-12-01,PROD_1046,D-Mart,26856.03,26569,0.989
2025-12-01,PROD_1046,Amazon India,25633.13,26569,1.037
2025-12-01,PROD_1046,Flipkart,25711.89,26569,1.033
2025-12-01,PROD_1047,Reliance Retail,19514.9,20459,1.048
2025-12-01,PROD_1047,D-Mart,20521.77,20459,0.997
2025-12-01,PROD_1047,Amazon India,20956.56,20459,0.976
2025-12-01,PROD_1047,Flipkart,20227.84,20459,1.011
2025-12-01,PROD_1048,Reliance Retail,41311.31,40429,0.979
2025-12-01,PROD_1048,D-Mart,41127.61,40429,0.983
2025-12-01,PROD_1048,Amazon India,40977.87,40429,0.987
2025-12-01,PROD_1048,Flipkart,38949.75,40429,1.038
2025-12-01,PROD_1049,Reliance Retail,66337.98,67679,1.02
2025-12-01,PROD_1049,D-Mart,67889.29,67679,0.997
2025-12-01,PROD_1049,Amazon India,66159.51,67679,1.023
2025-12-01,PROD_1049,Flipkart,68144.04,67679,0.993
2025-12-01,PROD_1050,Reliance Retail,53376.89,54859,1.028
2025-12-01,PROD_1050,D-Mart,53839.13,54859,1.019
2025-12-01,PROD_1050,Amazon India,55326.45,54859,0.992
2025-12-01,PROD_1050,Flipkart,52633.41,54859,1.042
2025-12-01,PROD_1051,Reliance Retail,49319.16,48689,0.987
2025-12-01,PROD_1051,D-Mart,49030.11,48689,0.993
2025-12-01,PROD_1051,Amazon India,48005.91,48689,1.014
2025-12-01,PROD_1051,Flipkart,47958.76,48689,1.015
2025-12-01,PROD_1052,Reliance Retail,47107.08,46069,0.978
2025-12-01,PROD_1052,D-Mart,46405.39,46069,0.993
2025-12-01,PROD_1052,Amazon India,46051.18,46069,1.0
2025-12-01,PROD_1052,Flipkart,46950.5,46069,0.981
2025-12-01,PROD_1053,Reliance Retail,1825.13,1869,1.024
2025-12-01,PROD_1053,D-Mart,1818.42,1869,1.028
2025-12-01,PROD_1053,Amazon India,1806.92,1869,1.034
2025-12-01,PROD_1053,Flipkart,1853.34,1869,1.008
2025-12-01,PROD_1054,Reliance Retail,50854.51,49419,0.972
2025-12-01,PROD_1054,D-Mart,50618.73,49419,0.976
2025-12-01,PROD_1054,Amazon India,48748.11,49419,1.014
2025-12-01,PROD_1054,Flipkart,47388.23,49419,1.043
2025-12-01,PROD_1055,Reliance Retail,25926.55,25419,0.98
2025-12-01,PROD_1055,D-Mart,26024.18,25419,0.977
2025-12-01,PROD_1055,Amazon India,24496.53,25419,1.038
2025-12-01,PROD_1055,Flipkart,25944.58,25419,0.98
2025-12-01,PROD_1056,Reliance Retail,49116.57,49829,1.015
2025-12-01,PROD_1056,D-Mart,47384.05,49829,1.052
2025-12-01,PROD_1056,Amazon India,51097.15,49829,0.975
2025-12-01,PROD_1056,Flipkart,47508.18,49829,1.049
2025-12-01,PROD_1057,Reliance Retail,19997.66,20989,1.05
2025-12-01,PROD_1057,D-Mart,21557.35,20989,0.974
2025-12-01,PROD_1057,Amazon India,20299.87,20989,1.034
2025-12-01,PROD_1057,Flipkart,20872.52,20989,1.006
2025-12-01,PROD_1058,Reliance Retail,68763.37,67059,0.975
2025-12-01,PROD_1058,D-Mart,68748.94,67059,0.975
2025-12-01,PROD_1058,Amazon India,64640.13,67059,1.037
2025-12-01,PROD_1058,Flipkart,66461.08,67059,1.009
2025-12-01,PROD_1059,Reliance Retail,41728.47,43899,1.052
2025-12-01,PROD_1059,D-Mart,42021.47,43899,1.045
2025-12-01,PROD_1059,Amazon India,45033.87,43899,0.975
2025-12-01,PROD_1059,Flipkart,43162.06,43899,1.017
2025-12-01,PROD_1060,Reliance Retail,21298.05,22139,1.039
2025-12-01,PROD_1060,D-Mart,22150.34,22139,0.999
2025-12-01,PROD_1060,Amazon India,21339.04,22139,1.037
2025-12-01,PROD_1060,Flipkart,22768.0,22139,0.972
2025-12-01,PROD_1061,Reliance Retail,5841.2,5669,0.971
2025-12-01,PROD_1061,D-Mart,5687.03,5669,0.997
2025-12-01,PROD_1061,Amazon India,5693.4,5669,0.996
2025-12-01,PROD_1061,Flipkart,5966.76,5669,0.95
2025-12-01,PROD_1062,Reliance Retail,608.27,579,0.952
2025-12-01,PROD_1062,D-Mart,611.13,579,0.947
2025-12-01,PROD_1062,Amazon India,585.27,579,0.989
2025-12-01,PROD_1062,Flipkart,605.96,579,0.956
2025-12-01,PROD_1063,Reliance Retail,5878.07,5799,0.987
2025-12-01,PROD_1063,D-Mart,5955.38,5799,0.974
2025-12-01,PROD_1063,Amazon India,5889.85,5799,0.985
2025-12-01,PROD_1063,Flipkart,5942.47,5799,0.976
2025-12-01,PROD_1064,Reliance Retail,5261.1,5179,0.984
2025-12-01,PROD_1064,D-Mart,5095.8,5179,1.016
2025-12-01,PROD_1064,Amazon India,5074.15,5179,1.021
2025-12-01,PROD_1064,Flipkart,5462.28,5179,0.948
2025-12-01,PROD_1065,Reliance Retail,5738.68,5649,0.984
2025-12-01,PROD_1065,D-Mart,5958.38,5649,0.948
2025-12-01,PROD_1065,Amazon India,5828.21,5649,0.969
2025-12-01,PROD_1065,Flipkart,5524.76,5649,1.022
2025-12-01,PROD_1066,Reliance Retail,3833.0,3879,1.012
2025-12-01,PROD_1066,D-Mart,4030.66,3879,0.962
2025-12-01,PROD_1066,Amazon India,3824.71,3879,1.014
2025-12-01,PROD_1066,Flipkart,3765.33,3879,1.03
2025-12-01,PROD_1067,Reliance Retail,5212.93,5319,1.02
2025-12-01,PROD_1067,D-Mart,5387.65,5319,0.987
2025-12-01,PROD_1067,Amazon India,5237.59,5319,1.016
2025-12-01,PROD_1067,Flipkart,5180.98,5319,1.027
2025-12-01,PROD_1068,Reliance Retail,2570.53,2479,0.964
2025-12-01,PROD_1068,D-Mart,2621.52,2479,0.946
2025-12-01,PROD_1068,Amazon India,2622.94,2479,0.945
2025-12-01,PROD_1068,Flipkart,2605.43,2479,0.951
2025-12-01,PROD_1069,Reliance Retail,5120.03,5269,1.029
2025-12-01,PROD_1069,D-Mart,5224.79,5269,1.008
2025-12-01,PROD_1069,Amazon India,5176.23,5269,1.018
2025-12-01,PROD_1069,Flipkart,5414.52,5269,0.973
2025-12-01,PROD_1070,Reliance Retail,5116.15,4889,0.956
2025-12-01,PROD_1070,D-Mart,4993.97,4889,0.979
2025-12-01,PROD_1070,Amazon India,4894.87,4889,0.999
2025-12-01,PROD_1070,Flipkart,5143.58,4889,0.951
2025-12-01,PROD_1071,Reliance Retail,5472.35,5389,0.985
2025-12-01,PROD_1071,D-Mart,5312.05,5389,1.014
2025-12-01,PROD_1071,Amazon India,5486.02,5389,0.982
2025-12-01,PROD_1071,Flipkart,5236.12,5389,1.029
2025-12-01,PROD_1072,Reliance Retail,3581.38,3679,1.027
2025-12-01,PROD_1072,D-Mart,3776.43,3679,0.974
2025-12-01,PROD_1072,Amazon India,3808.11,3679,0.966
2025-12-01,PROD_1072,Flipkart,3614.43,3679,1.018
2025-12-01,PROD_1073,Reliance Retail,2106.26,2069,0.982
2025-12-01,PROD_1073,D-Mart,2150.8,2069,0.962
2025-12-01,PROD_1073,Amazon India,2171.23,2069,0.953
2025-12-01,PROD_1073,Flipkart,2095.2,2069,0.987
2025-12-01,PROD_1074,Reliance Retail,4923.61,5019,1.019
2025-12-01,PROD_1074,D-Mart,4899.68,5019,1.024
2025-12-01,PROD_1074,Amazon India,5255.36,5019,0.955
2025-12-01,PROD_1074,Flipkart,4903.49,5019,1.024
2025-12-01,PROD_1075,Reliance Retail,4935.19,4729,0.958
2025-12-01,PROD_1075,D-Mart,4773.07,4729,0.991
2025-12-01,PROD_1075,Amazon India,4772.88,4729,0.991
2025-12-01,PROD_1075,Flipkart,4807.85,4729,0.984
2025-12-01,PROD_1076,Reliance Retail,765.15,779,1.018
2025-12-01,PROD_1076,D-Mart,807.69,779,0.964
2025-12-01,PROD_1076,Amazon India,776.66,779,1.003
2025-12-01,PROD_1076,Flipkart,797.54,779,0.977
2025-12-01,PROD_1077,Reliance Retail,4356.48,4489,1.03
2025-12-01,PROD_1077,D-Mart,4468.07,4489,1.005
2025-12-01,PROD_1077,Amazon India,4370.68,4489,1.027
2025-12-01,PROD_1077,Flipkart,4481.03,4489,1.002
2025-12-01,PROD_1078,Reliance Retail,4778.23,4869,1.019
2025-12-01,PROD_1078,D-Mart,4753.62,4869,1.024
2025-12-01,PROD_1078,Amazon India,5094.52,4869,0.956
2025-12-01,PROD_1078,Flipkart,4882.83,4869,0.997
2025-12-01,PROD_1079,Reliance Retail,667.3,639,0.958
2025-12-01,PROD_1079,D-Mart,671.17,639,0.952
2025-12-01,PROD_1079,Amazon India,648.93,639,0.985
2025-12-01,PROD_1079,Flipkart,652.49,639,0.979
2025-12-01,PROD_1080,Reliance Retail,2826.5,2749,0.973
2025-12-01,PROD_1080,D-Mart,2826.04,2749,0.973
2025-12-01,PROD_1080,Amazon India,2797.7,2749,0.983
2025-12-01,PROD_1080,Flipkart,2813.58,2749,0.977
2025-12-01,PROD_1081,Reliance Retail,3553.13,3519,0.99
2025-12-01,PROD_1081,D-Mart,3703.58,3519,0.95
2025-12-01,PROD_1081,Amazon India,3641.87,3519,0.966
2025-12-01,PROD_1081,Flipkart,3513.17,3519,1.002
2025-12-01,PROD_1082,Reliance Retail,5749.88,5749,1.0
2025-12-01,PROD_1082,D-Mart,5812.07,5749,0.989
2025-12-01,PROD_1082,Amazon India,5592.91,5749,1.028
2025-12-01,PROD_1082,Flipkart,6089.48,5749,0.944
2025-12-01,PROD_1083,Reliance Retail,2843.01,2809,0.988
2025-12-01,PROD_1083,D-Mart,2920.67,2809,0.962
2025-12-01,PROD_1083,Amazon India,2764.72,2809,1.016
2025-12-01,PROD_1083,Flipkart,2878.74,2809,0.976
2025-12-01,PROD_1084,Reliance Retail,581.52,579,0.996
2025-12-01,PROD_1084,D-Mart,608.0,579,0.952
2025-12-01,PROD_1084,Amazon India,610.22,579,0.949
2025-12-01,PROD_1084,Flipkart,594.19,579,0.974
2025-12-01,PROD_1085,Reliance Retail,5071.54,5199,1.025
2025-12-01,PROD_1085,D-Mart,5261.36,5199,0.988
2025-12-01,PROD_1085,Amazon India,5050.95,5199,1.029
2025-12-01,PROD_1085,Flipkart,5285.41,5199,0.984
2025-12-01,PROD_1086,Reliance Retail,3247.39,3199,0.985
2025-12-01,PROD_1086,D-Mart,3223.16,3199,0.993
2025-12-01,PROD_1086,Amazon India,3200.06,3199,1.0
2025-12-01,PROD_1086,Flipkart,3269.72,3199,0.978
2025-12-01,PROD_1087,Reliance Retail,2651.11,2689,1.014
2025-12-01,PROD_1087,D-Mart,2614.7,2689,1.028
2025-12-01,PROD_1087,Amazon India,2798.72,2689,0.961
2025-12-01,PROD_1087,Flipkart,2798.45,2689,0.961
2025-12-01,PROD_1088,Reliance Retail,2615.67,2559,0.978
2025-12-01,PROD_1088,D-Mart,2673.41,2559,0.957
2025-12-01,PROD_1088,Amazon India,2600.37,2559,0.984
2025-12-01,PROD_1088,Flipkart,2483.74,2559,1.03
2025-12-01,PROD_1089,Reliance Retail,4050.4,4119,1.017
2025-12-01,PROD_1089,D-Mart,4165.8,4119,0.989
2025-12-01,PROD_1089,Amazon India,4315.08,4119,0.955
2025-12-01,PROD_1089,Flipkart,4079.06,4119,1.01
2025-12-01,PROD_1090,Reliance Retail,621.79,639,1.028
2025-12-01,PROD_1090,D-Mart,643.55,639,0.993
2025-12-01,PROD_1090,Amazon India,623.67,639,1.025
2025-12-01,PROD_1090,Flipkart,651.49,639,0.981
2025-12-01,PROD_1091,Reliance Retail,2563.29,2629,1.026
2025-12-01,PROD_1091,D-Mart,2554.06,2629,1.029
2025-12-01,PROD_1091,Amazon India,2773.31,2629,0.948
2025-12-01,PROD_1091,Flipkart,2707.55,2629,0.971
2025-12-01,PROD_1092,Reliance Retail,5569.7,5679,1.02
2025-12-01,PROD_1092,D-Mart,5792.92,5679,0.98
2025-12-01,PROD_1092,Amazon India,5640.69,5679,1.007
2025-12-01,PROD_1092,Flipkart,5897.63,5679,0.963
2025-12-01,PROD_1093,Reliance Retail,1647.34,1579,0.959
2025-12-01,PROD_1093,D-Mart,1603.77,1579,0.985
2025-12-01,PROD_1093,Amazon India,1589.82,1579,0.993
2025-12-01,PROD_1093,Flipkart,1576.71,1579,1.001
2025-12-01,PROD_1094,Reliance Retail,991.44,1019,1.028
2025-12-01,PROD_1094,D-Mart,1039.85,1019,0.98
2025-12-01,PROD_1094,Amazon India,1035.1,1019,0.984
2025-12-01,PROD_1094,Flipkart,1007.97,1019,1.011
2025-12-01,PROD_1095,Reliance Retail,5230.91,5139,0.982
2025-12-01,PROD_1095,D-Mart,5201.11,5139,0.988
2025-12-01,PROD_1095,Amazon India,5105.4,5139,1.007
2025-12-01,PROD_1095,Flipkart,5328.52,5139,0.964
2025-12-01,PROD_1096,Reliance Retail,1139.96,1149,1.008
2025-12-01,PROD_1096,D-Mart,1161.17,1149,0.99
2025-12-01,PROD_1096,Amazon India,1169.69,1149,0.982
2025-12-01,PROD_1096,Flipkart,1198.43,1149,0.959
2025-12-01,PROD_1097,Reliance Retail,4574.63,4539,0.992
2025-12-01,PROD_1097,D-Mart,4487.39,4539,1.012
2025-12-01,PROD_1097,Amazon India,4408.88,4539,1.03
2025-12-01,PROD_1097,Flipkart,4505.8,4539,1.007
2025-12-01,PROD_1098,Reliance Retail,4802.81,4629,0.964
2025-12-01,PROD_1098,D-Mart,4831.95,4629,0.958
2025-12-01,PROD_1098,Amazon India,4740.38,4629,0.977
2025-12-01,PROD_1098,Flipkart,4885.21,4629,0.948
2025-12-01,PROD_1099,Reliance Retail,2582.15,2539,0.983
2025-12-01,PROD_1099,D-Mart,2572.36,2539,0.987
2025-12-01,PROD_1099,Amazon India,2653.14,2539,0.957
2025-12-01,PROD_1099,Flipkart,2500.99,2539,1.015
2025-12-01,PROD_1100,Reliance Retail,5069.54,5219,1.029
2025-12-01,PROD_1100,D-Mart,5476.62,5219,0.953
2025-12-01,PROD_1100,Amazon India,5313.31,5219,0.982
2025-12-01,PROD_1100,Flipkart,5412.32,5219,0.964
2025-12-01,PROD_1101,Reliance Retail,1097.44,1069,0.974
2025-12-01,PROD_1101,D-Mart,1100.8,1069,0.971
2025-12-01,PROD_1101,Amazon India,1093.44,1069,0.978
2025-12-01,PROD_1101,Flipkart,1106.7,1069,0.966
2025-12-01,PROD_1102,Reliance Retail,2214.3,2259,1.02
2025-12-01,PROD_1102,D-Mart,2242.25,2259,1.007
2025-12-01,PROD_1102,Amazon India,2288.64,2259,0.987
2025-12-01,PROD_1102,Flipkart,2336.89,2259,0.967
2025-12-01,PROD_1103,Reliance Retail,5466.75,5479,1.002
2025-12-01,PROD_1103,D-Mart,5712.68,5479,0.959
2025-12-01,PROD_1103,Amazon India,5346.85,5479,1.025
2025-12-01,PROD_1103,Flipkart,5704.63,5479,0.96
2025-12-01,PROD_1104,Reliance Retail,5917.57,5729,0.968
2025-12-01,PROD_1104,D-Mart,5590.78,5729,1.025
2025-12-01,PROD_1104,Amazon India,5573.44,5729,1.028
2025-12-01,PROD_1104,Flipkart,5990.19,5729,0.956
2025-12-01,PROD_1105,Reliance Retail,2073.21,2109,1.017
2025-12-01,PROD_1105,D-Mart,2093.81,2109,1.007
2025-12-01,PROD_1105,Amazon India,2215.85,2109,0.952
2025-12-01,PROD_1105,Flipkart,2110.81,2109,0.999
2025-12-01,PROD_1106,Reliance Retail,4935.02,4849,0.983
2025-12-01,PROD_1106,D-Mart,4717.07,4849,1.028
2025-12-01,PROD_1106,Amazon India,4951.85,4849,0.979
2025-12-01,PROD_1106,Flipkart,5014.92,4849,0.967
2025-12-01,PROD_1107,Reliance Retail,836.08,819,0.98
2025-12-01,PROD_1107,D-Mart,854.04,819,0.959
2025-12-01,PROD_1107,Amazon India,851.67,819,0.962
2025-12-01,PROD_1107,Flipkart,829.75,819,0.987
2025-12-01,PROD_1108,Reliance Retail,2497.16,2429,0.973
2025-12-01,PROD_1108,D-Mart,2416.61,2429,1.005
2025-12-01,PROD_1108,Amazon India,2434.53,2429,0.998
2025-12-01,PROD_1108,Flipkart,2492.08,2429,0.975
2025-12-01,PROD_1109,Reliance Retail,4013.78,3899,0.971
2025-12-01,PROD_1109,D-Mart,3811.98,3899,1.023
2025-12-01,PROD_1109,Amazon India,4069.51,3899,0.958
2025-12-01,PROD_1109,Flipkart,4005.62,3899,0.973
2025-12-01,PROD_1110,Reliance Retail,898.52,899,1.001
2025-12-01,PROD_1110,D-Mart,890.34,899,1.01
2025-12-01,PROD_1110,Amazon India,920.83,899,0.976
2025-12-01,PROD_1110,Flipkart,928.33,899,0.968
2025-12-01,PROD_1111,Reliance Retail,1010.36,959,0.949
2025-12-01,PROD_1111,D-Mart,946.2,959,1.014
2025-12-01,PROD_1111,Amazon India,973.64,959,0.985
2025-12-01,PROD_1111,Flipkart,1012.67,959,0.947
2025-12-01,PROD_1112,Reliance Retail,5226.68,4969,0.951
2025-12-01,PROD_1112,D-Mart,5033.65,4969,0.987
2025-12-01,PROD_1112,Amazon India,5066.81,4969,0.981
2025-12-01,PROD_1112,Flipkart,5229.8,4969,0.95
2025-12-01,PROD_1113,Reliance Retail,2499.36,2569,1.028
2025-12-01,PROD_1113,D-Mart,2717.64,2569,0.945
2025-12-01,PROD_1113,Amazon India,2717.82,2569,0.945
2025-12-01,PROD_1113,Flipkart,2710.28,2569,0.948
2025-12-01,PROD_1114,Reliance Retail,2989.96,2829,0.946
2025-12-01,PROD_1114,D-Mart,2821.55,2829,1.003
2025-12-01,PROD_1114,Amazon India,2753.57,2829,1.027
2025-12-01,PROD_1114,Flipkart,2816.53,2829,1.004
2025-12-01,PROD_1115,Reliance Retail,559.62,559,0.999
2025-12-01,PROD_1115,D-Mart,559.96,559,0.998
2025-12-01,PROD_1115,Amazon India,576.46,559,0.97
2025-12-01,PROD_1115,Flipkart,585.68,559,0.954
2025-12-01,PROD_1116,Reliance Retail,1127.59,1139,1.01
2025-12-01,PROD_1116,D-Mart,1150.68,1139,0.99
2025-12-01,PROD_1116,Amazon India,1143.63,1139,0.996
2025-12-01,PROD_1116,Flipkart,1183.21,1139,0.963
2025-12-01,PROD_1117,Reliance Retail,5780.96,5789,1.001
2025-12-01,PROD_1117,D-Mart,5644.62,5789,1.026
2025-12-01,PROD_1117,Amazon India,5789.25,5789,1.0
2025-12-01,PROD_1117,Flipkart,5799.75,5789,0.998
2025-12-01,PROD_1118,Reliance Retail,1805.1,1729,0.958
2025-12-01,PROD_1118,D-Mart,1762.39,1729,0.981
2025-12-01,PROD_1118,Amazon India,1758.59,1729,0.983
2025-12-01,PROD_1118,Flipkart,1770.31,1729,0.977
2025-12-01,PROD_1119,Reliance Retail,754.17,739,0.98
2025-12-01,PROD_1119,D-Mart,762.17,739,0.97
2025-12-01,PROD_1119,Amazon India,776.95,739,0.951
2025-12-01,PROD_1119,Flipkart,775.12,739,0.953
2025-12-01,PROD_1120,Reliance Retail,912.11,899,0.986
2025-12-01,PROD_1120,D-Mart,940.54,899,0.956
2025-12-01,PROD_1120,Amazon India,941.86,899,0.954
2025-12-01,PROD_1120,Flipkart,935.91,899,0.961
2025-12-01,PROD_1121,Reliance Retail,10279.19,9739,0.947
2025-12-01,PROD_1121,D-Mart,11064.16,9739,0.88
2025-12-01,PROD_1121,Amazon India,10622.5,9739,0.917
2025-12-01,PROD_1121,Flipkart,11331.58,9739,0.859
2025-12-01,PROD_1122,Reliance Retail,9889.84,9099,0.92
2025-12-01,PROD_1122,D-Mart,10640.57,9099,0.855
2025-12-01,PROD_1122,Amazon India,10281.56,9099,0.885
2025-12-01,PROD_1122,Flipkart,10316.97,9099,0.882
2025-12-01,PROD_1123,Reliance Retail,16652.48,14289,0.858
2025-12-01,PROD_1123,D-Mart,16833.91,14289,0.849
2025-12-01,PROD_1123,Amazon India,15577.45,14289,0.917
2025-12-01,PROD_1123,Flipkart,15168.52,14289,0.942
2025-12-01,PROD_1124,Reliance Retail,5421.58,4739,0.874
2025-12-01,PROD_1124,D-Mart,5019.19,4739,0.944
2025-12-01,PROD_1124,Amazon India,5304.85,4739,0.893
2025-12-01,PROD_1124,Flipkart,5188.65,4739,0.913
2025-12-01,PROD_1125,Reliance Retail,10004.25,9089,0.909
2025-12-01,PROD_1125,D-Mart,9821.69,9089,0.925
2025-12-01,PROD_1125,Amazon India,10369.77,9089,0.876
2025-12-01,PROD_1125,Flipkart,10219.19,9089,0.889
2025-12-01,PROD_1126,Reliance Retail,12570.41,10709,0.852
2025-12-01,PROD_1126,D-Mart,11739.42,10709,0.912
2025-12-01,PROD_1126,Amazon India,11793.37,10709,0.908
2025-12-01,PROD_1126,Flipkart,11474.17,10709,0.933
2025-12-01,PROD_1127,Reliance Retail,11881.38,10519,0.885
2025-12-01,PROD_1127,D-Mart,11174.79,10519,0.941
2025-12-01,PROD_1127,Amazon India,12368.89,10519,0.85
2025-12-01,PROD_1127,Flipkart,12289.44,10519,0.856
2025-12-01,PROD_1128,Reliance Retail,16303.17,14289,0.876
2025-12-01,PROD_1128,D-Mart,15592.84,14289,0.916
2025-12-01,PROD_1128,Amazon India,15665.03,14289,0.912
2025-12-01,PROD_1128,Flipkart,15165.29,14289,0.942
2025-12-01,PROD_1129,Reliance Retail,15191.79,14039,0.924
2025-12-01,PROD_1129,D-Mart,15385.24,14039,0.912
2025-12-01,PROD_1129,Amazon India,15558.45,14039,0.902
2025-12-01,PROD_1129,Flipkart,15588.28,14039,0.901
2025-12-01,PROD_1130,Reliance Retail,7152.33,6139,0.858
2025-12-01,PROD_1130,D-Mart,6804.94,6139,0.902
2025-12-01,PROD_1130,Amazon India,7210.04,6139,0.851
2025-12-01,PROD_1130,Flipkart,6512.84,6139,0.943
2025-12-01,PROD_1131,Reliance Retail,9954.35,9239,0.928
2025-12-01,PROD_1131,D-Mart,10166.95,9239,0.909
2025-12-01,PROD_1131,Amazon India,10767.69,9239,0.858
2025-12-01,PROD_1131,Flipkart,9847.74,9239,0.938
2025-12-01,PROD_1132,Reliance Retail,13920.11,12699,0.912
2025-12-01,PROD_1132,D-Mart,13519.13,12699,0.939
2025-12-01,PROD_1132,Amazon India,14611.72,12699,0.869
2025-12-01,PROD_1132,Flipkart,13800.27,12699,0.92
2025-12-01,PROD_1133,Reliance Retail,1769.24,1599,0.904
2025-12-01,PROD_1133,D-Mart,1848.87,1599,0.865
2025-12-01,PROD_1133,Amazon India,1713.84,1599,0.933
2025-12-01,PROD_1133,Flipkart,1875.84,1599,0.852
2025-12-01,PROD_1134,Reliance Retail,16462.0,14949,0.908
2025-12-01,PROD_1134,D-Mart,16338.54,14949,0.915
2025-12-01,PROD_1134,Amazon India,16067.16,14949,0.93
2025-12-01,PROD_1134,Flipkart,16605.0,14949,0.9
2025-12-01,PROD_1135,Reliance Retail,15141.35,12859,0.849
2025-12-01,PROD_1135,D-Mart,14322.72,12859,0.898
2025-12-01,PROD_1135,Amazon India,14257.77,12859,0.902
2025-12-01,PROD_1135,Flipkart,13514.7,12859,0.951
2025-12-01,PROD_1136,Reliance Retail,15603.06,14349,0.92
2025-12-01,PROD_1136,D-Mart,15491.58,14349,0.926
2025-12-01,PROD_1136,Amazon India,15139.15,14349,0.948
2025-12-01,PROD_1136,Flipkart,15898.46,14349,0.903
2025-12-01,PROD_1137,Reliance Retail,10226.82,9579,0.937
2025-12-01,PROD_1137,D-Mart,10684.29,9579,0.897
2025-12-01,PROD_1137,Amazon India,10624.1,9579,0.902
2025-12-01,PROD_1137,Flipkart,10335.29,9579,0.927
2025-12-01,PROD_1138,Reliance Retail,9448.34,8189,0.867
2025-12-01,PROD_1138,D-Mart,9585.11,8189,0.854
2025-12-01,PROD_1138,Amazon India,8741.17,8189,0.937
2025-12-01,PROD_1138,Flipkart,8702.11,8189,0.941
2025-12-01,PROD_1139,Reliance Retail,9458.18,8639,0.913
2025-12-01,PROD_1139,D-Mart,9756.52,8639,0.885
2025-12-01,PROD_1139,Amazon India,9780.72,8639,0.883
2025-12-01,PROD_1139,Flipkart,9772.83,8639,0.884
2025-12-01,PROD_1140,Reliance Retail,3035.95,2699,0.889
2025-12-01,PROD_1140,D-Mart,2969.31,2699,0.909
2025-12-01,PROD_1140,Amazon India,3108.33,2699,0.868
2025-12-01,PROD_1140,Flipkart,3168.4,2699,0.852
2025-12-01,PROD_1141,Reliance Retail,12166.71,10799,0.888
2025-12-01,PROD_1141,D-Mart,11647.0,10799,0.927
2025-12-01,PROD_1141,Amazon India,12127.61,10799,0.89
2025-12-01,PROD_1141,Flipkart,12399.63,10799,0.871
2025-12-01,PROD_1142,Reliance Retail,6691.27,5779,0.864
2025-12-01,PROD_1142,D-Mart,6607.55,5779,0.875
2025-12-01,PROD_1142,Amazon India,6736.96,5779,0.858
2025-12-01,PROD_1142,Flipkart,6783.17,5779,0.852
2025-12-01,PROD_1143,Reliance Retail,15193.32,13639,0.898
2025-12-01,PROD_1143,D-Mart,15280.13,13639,0.893
2025-12-01,PROD_1143,Amazon India,14919.39,13639,0.914
2025-12-01,PROD_1143,Flipkart,15489.21,13639,0.881
2025-12-01,PROD_1144,Reliance Retail,7248.28,6429,0.887
2025-12-01,PROD_1144,D-Mart,6899.81,6429,0.932
2025-12-01,PROD_1144,Amazon India,7330.77,6429,0.877
2025-12-01,PROD_1144,Flipkart,7423.26,6429,0.866
2025-12-01,PROD_1145,Reliance Retail,3101.44,2889,0.932
2025-12-01,PROD_1145,D-Mart,3095.12,2889,0.933
2025-12-01,PROD_1145,Amazon India,3273.47,2889,0.883
2025-12-01,PROD_1145,Flipkart,3077.08,2889,0.939
2025-12-01,PROD_1146,Reliance Retail,8455.23,7319,0.866
2025-12-01,PROD_1146,D-Mart,8296.72,7319,0.882
2025-12-01,PROD_1146,Amazon India,7715.78,7319,0.949
2025-12-01,PROD_1146,Flipkart,8417.97,7319,0.869
2025-12-01,PROD_1147,Reliance Retail,10927.33,9789,0.896
2025-12-01,PROD_1147,D-Mart,10909.84,9789,0.897
2025-12-01,PROD_1147,Amazon India,10675.36,9789,0.917
2025-12-01,PROD_1147,Flipkart,10639.19,9789,0.92
2025-12-01,PROD_1148,Reliance Retail,2920.29,2619,0.897
2025-12-01,PROD_1148,D-Mart,2751.02,2619,0.952
2025-12-01,PROD_1148,Amazon India,3020.66,2619,0.867
2025-12-01,PROD_1148,Flipkart,3016.88,2619,0.868
2025-12-01,PROD_1149,Reliance Retail,3871.06,3379,0.873
2025-12-01,PROD_1149,D-Mart,3812.62,3379,0.886
2025-12-01,PROD_1149,Amazon India,3677.79,3379,0.919
2025-12-01,PROD_1149,Flipkart,3836.98,3379,0.881
2025-12-01,PROD_1150,Reliance Retail,10965.53,10279,0.937
2025-12-01,PROD_1150,D-Mart,11144.92,10279,0.922
2025-12-01,PROD_1150,Amazon India,10853.34,10279,0.947
2025-12-01,PROD_1150,Flipkart,11941.44,10279,0.861
2025-12-01,PROD_1151,Reliance Retail,3703.44,3199,0.864
2025-12-01,PROD_1151,D-Mart,3546.45,3199,0.902
2025-12-01,PROD_1151,Amazon India,3540.94,3199,0.903
2025-12-01,PROD_1151,Flipkart,3744.04,3199,0.854
2025-12-01,PROD_1152,Reliance Retail,2854.66,2509,0.879
2025-12-01,PROD_1152,D-Mart,2865.81,2509,0.875
2025-12-01,PROD_1152,Amazon India,2751.63,2509,0.912
2025-12-01,PROD_1152,Flipkart,2729.57,2509,0.919
2025-12-01,PROD_1153,Reliance Retail,8464.64,7949,0.939
2025-12-01,PROD_1153,D-Mart,8421.39,7949,0.944
2025-12-01,PROD_1153,Amazon India,9282.19,7949,0.856
2025-12-01,PROD_1153,Flipkart,9283.05,7949,0.856
2025-12-01,PROD_1154,Reliance Retail,10491.78,9719,0.926
2025-12-01,PROD_1154,D-Mart,10252.17,9719,0.948
2025-12-01,PROD_1154,Amazon India,10642.68,9719,0.913
2025-12-01,PROD_1154,Flipkart,11407.64,9719,0.852
2025-12-01,PROD_1155,Reliance Retail,1818.64,1669,0.918
2025-12-01,PROD_1155,D-Mart,1940.18,1669,0.86
2025-12-01,PROD_1155,Amazon India,1929.58,1669,0.865
2025-12-01,PROD_1155,Flipkart,1957.36,1669,0.853
2025-12-01,PROD_1156,Reliance Retail,3810.72,3419,0.897
2025-12-01,PROD_1156,D-Mart,3999.73,3419,0.855
2025-12-01,PROD_1156,Amazon India,3919.67,3419,0.872
2025-12-01,PROD_1156,Flipkart,3975.74,3419,0.86
2025-12-01,PROD_1157,Reliance Retail,10971.17,9579,0.873
2025-12-01,PROD_1157,D-Mart,10632.25,9579,0.901
2025-12-01,PROD_1157,Amazon India,11202.44,9579,0.855
2025-12-01,PROD_1157,Flipkart,11054.84,9579,0.866
2025-12-01,PROD_1158,Reliance Retail,1494.89,1319,0.882
2025-12-01,PROD_1158,D-Mart,1467.78,1319,0.899
2025-12-01,PROD_1158,Amazon India,1401.18,1319,0.941
2025-12-01,PROD_1158,Flipkart,1524.78,1319,0.865
2025-12-01,PROD_1159,Reliance Retail,8898.17,8059,0.906
2025-12-01,PROD_1159,D-Mart,8838.51,8059,0.912
2025-12-01,PROD_1159,Amazon India,8703.59,8059,0.926
2025-12-01,PROD_1159,Flipkart,9029.4,8059,0.893
2025-12-01,PROD_1160,Reliance Retail,9678.75,8359,0.864
2025-12-01,PROD_1160,D-Mart,9091.65,8359,0.919
2025-12-01,PROD_1160,Amazon India,9777.4,8359,0.855
2025-12-01,PROD_1160,Flipkart,9208.3,8359,0.908
2025-12-01,PROD_1161,Reliance Retail,1268.93,1079,0.85
2025-12-01,PROD_1161,D-Mart,1227.86,1079,0.879
2025-12-01,PROD_1161,Amazon India,1184.46,1079,0.911
2025-12-01,PROD_1161,Flipkart,1270.92,1079,0.849
2025-12-01,PROD_1162,Reliance Retail,2817.02,2499,0.887
2025-12-01,PROD_1162,D-Mart,2873.66,2499,0.87
2025-12-01,PROD_1162,Amazon India,2770.72,2499,0.902
2025-12-01,PROD_1162,Flipkart,2662.7,2499,0.939
2025-12-01,PROD_1163,Reliance Retail,14102.72,11999,0.851
2025-12-01,PROD_1163,D-Mart,13100.8,11999,0.916
2025-12-01,PROD_1163,Amazon India,14030.78,11999,0.855
2025-12-01,PROD_1163,Flipkart,14014.62,11999,0.856
2025-12-01,PROD_1164,Reliance Retail,9698.19,9129,0.941
2025-12-01,PROD_1164,D-Mart,9721.58,9129,0.939
2025-12-01,PROD_1164,Amazon India,10311.81,9129,0.885
2025-12-01,PROD_1164,Flipkart,9628.04,9129,0.948
2025-12-01,PROD_1165,Reliance Retail,5334.84,4829,0.905
2025-12-01,PROD_1165,D-Mart,5401.78,4829,0.894
2025-12-01,PROD_1165,Amazon India,5193.99,4829,0.93
2025-12-01,PROD_1165,Flipkart,5553.94,4829,0.869
2025-12-01,PROD_1166,Reliance Retail,6480.67,5859,0.904
2025-12-01,PROD_1166,D-Mart,6474.25,5859,0.905
2025-12-01,PROD_1166,Amazon India,6330.45,5859,0.926
2025-12-01,PROD_1166,Flipkart,6828.16,5859,0.858
2025-12-01,PROD_1167,Reliance Retail,2354.22,2239,0.951
2025-12-01,PROD_1167,D-Mart,2352.96,2239,0.952
2025-12-01,PROD_1167,Amazon India,2640.7,2239,0.848
2025-12-01,PROD_1167,Flipkart,2357.09,2239,0.95
2025-12-01,PROD_1168,Reliance Retail,3691.01,3449,0.934
2025-12-01,PROD_1168,D-Mart,4017.33,3449,0.859
2025-12-01,PROD_1168,Amazon India,3897.52,3449,0.885
2025-12-01,PROD_1168,Flipkart,3901.68,3449,0.884
2025-12-01,PROD_1169,Reliance Retail,2155.87,1939,0.899
2025-12-01,PROD_1169,D-Mart,2073.91,1939,0.935
2025-12-01,PROD_1169,Amazon India,2128.49,1939,0.911
2025-12-01,PROD_1169,Flipkart,2216.92,1939,0.875
2025-12-01,PROD_1170,Reliance Retail,2659.19,2389,0.898
2025-12-01,PROD_1170,D-Mart,2735.11,2389,0.873
2025-12-01,PROD_1170,Amazon India,2510.7,2389,0.952
2025-12-01,PROD_1170,Flipkart,2712.11,2389,0.881
2025-12-01,PROD_1171,Reliance Retail,13974.71,12399,0.887
2025-12-01,PROD_1171,D-Mart,14589.54,12399,0.85
2025-12-01,PROD_1171,Amazon India,14480.94,12399,0.856
2025-12-01,PROD_1171,Flipkart,13986.6,12399,0.886
2025-12-01,PROD_1172,Reliance Retail,15747.56,13999,0.889
2025-12-01,PROD_1172,D-Mart,14867.42,13999,0.942
2025-12-01,PROD_1172,Amazon India,16411.57,13999,0.853
2025-12-01,PROD_1172,Flipkart,15985.41,13999,0.876
2025-12-01,PROD_1173,Reliance Retail,13070.06,11719,0.897
2025-12-01,PROD_1173,D-Mart,13611.25,11719,0.861
2025-12-01,PROD_1173,Amazon India,13418.15,11719,0.873
2025-12-01,PROD_1173,Flipkart,13163.53,11719,0.89
2025-12-01,PROD_1174,Reliance Retail,8970.77,8009,0.893
2025-12-01,PROD_1174,D-Mart,9373.87,8009,0.854
2025-12-01,PROD_1174,Amazon India,9241.45,8009,0.867
2025-12-01,PROD_1174,Flipkart,8829.13,8009,0.907
2025-12-01,PROD_1175,Reliance Retail,5544.43,4899,0.884
2025-12-01,PROD_1175,D-Mart,5269.01,4899,0.93
2025-12-01,PROD_1175,Amazon India,5738.31,4899,0.854
2025-12-01,PROD_1175,Flipkart,5586.73,4899,0.877
2025-12-01,PROD_1176,Reliance Retail,9820.18,8359,0.851
2025-12-01,PROD_1176,D-Mart,9094.22,8359,0.919
2025-12-01,PROD_1176,Amazon India,9119.44,8359,0.917
2025-12-01,PROD_1176,Flipkart,9681.18,8359,0.863
2025-12-01,PROD_1177,Reliance Retail,1841.78,1699,0.922
2025-12-01,PROD_1177,D-Mart,1862.94,1699,0.912
2025-12-01,PROD_1177,Amazon India,1979.27,1699,0.858
2025-12-01,PROD_1177,Flipkart,1898.31,1699,0.895
2025-12-01,PROD_1178,Reliance Retail,4801.62,4409,0.918
2025-12-01,PROD_1178,D-Mart,4864.06,4409,0.906
2025-12-01,PROD_1178,Amazon India,5037.5,4409,0.875
2025-12-01,PROD_1178,Flipkart,4720.39,4409,0.934
2025-12-01,PROD_1179,Reliance Retail,8811.93,7499,0.851
2025-12-01,PROD_1179,D-Mart,8354.48,7499,0.898
2025-12-01,PROD_1179,Amazon India,8619.65,7499,0.87
2025-12-01,PROD_1179,Flipkart,8558.28,7499,0.876
2025-12-01,PROD_1180,Reliance Retail,14332.53,12589,0.878
2025-12-01,PROD_1180,D-Mart,13905.89,12589,0.905
2025-12-01,PROD_1180,Amazon India,13287.75,12589,0.947
2025-12-01,PROD_1180,Flipkart,14431.88,12589,0.872
2025-12-01,PROD_1181,Reliance Retail,1487.68,1409,0.947
2025-12-01,PROD_1181,D-Mart,1430.77,1409,0.985
2025-12-01,PROD_1181,Amazon India,1487.69,1409,0.947
2025-12-01,PROD_1181,Flipkart,1434.56,1409,0.982
2025-12-01,PROD_1182,Reliance Retail,885.57,899,1.015
2025-12-01,PROD_1182,D-Mart,891.41,899,1.009
2025-12-01,PROD_1182,Amazon India,941.99,899,0.954
2025-12-01,PROD_1182,Flipkart,922.32,899,0.975
2025-12-01,PROD_1183,Reliance Retail,383.78,381,0.993
2025-12-01,PROD_1183,D-Mart,396.98,381,0.96
2025-12-01,PROD_1183,Amazon India,391.57,381,0.973
2025-12-01,PROD_1183,Flipkart,399.48,381,0.954
2025-12-01,PROD_1184,Reliance Retail,1088.05,1029,0.946
2025-12-01,PROD_1184,D-Mart,1058.44,1029,0.972
2025-12-01,PROD_1184,Amazon India,1088.03,1029,0.946
2025-12-01,PROD_1184,Flipkart,1041.69,1029,0.988
2025-12-01,PROD_1185,Reliance Retail,678.59,649,0.956
2025-12-01,PROD_1185,D-Mart,682.48,649,0.951
2025-12-01,PROD_1185,Amazon India,632.17,649,1.027
2025-12-01,PROD_1185,Flipkart,680.06,649,0.954
2025-12-01,PROD_1186,Reliance Retail,754.08,749,0.993
2025-12-01,PROD_1186,D-Mart,753.37,749,0.994
2025-12-01,PROD_1186,Amazon India,779.22,749,0.961
2025-12-01,PROD_1186,Flipkart,743.14,749,1.008
2025-12-01,PROD_1187,Reliance Retail,412.48,424,1.028
2025-12-01,PROD_1187,D-Mart,421.63,424,1.006
2025-12-01,PROD_1187,Amazon India,436.02,424,0.972
2025-12-01,PROD_1187,Flipkart,447.66,424,0.947
2025-12-01,PROD_1188,Reliance Retail,1376.69,1369,0.994
2025-12-01,PROD_1188,D-Mart,1426.2,1369,0.96
2025-12-01,PROD_1188,Amazon India,1352.64,1369,1.012
2025-12-01,PROD_1188,Flipkart,1432.89,1369,0.955
2025-12-01,PROD_1189,Reliance Retail,1017.07,979,0.963
2025-12-01,PROD_1189,D-Mart,989.12,979,0.99
2025-12-01,PROD_1189,Amazon India,1028.48,979,0.952
2025-12-01,PROD_1189,Flipkart,952.97,979,1.027
2025-12-01,PROD_1190,Reliance Retail,1008.47,969,0.961
2025-12-01,PROD_1190,D-Mart,943.0,969,1.028
2025-12-01,PROD_1190,Amazon India,1015.37,969,0.954
2025-12-01,PROD_1190,Flipkart,955.35,969,1.014
2025-12-01,PROD_1191,Reliance Retail,302.74,311,1.027
2025-12-01,PROD_1191,D-Mart,310.31,311,1.002
2025-12-01,PROD_1191,Amazon India,306.67,311,1.014
2025-12-01,PROD_1191,Flipkart,319.91,311,0.972
2025-12-01,PROD_1192,Reliance Retail,146.81,145,0.988
2025-12-01,PROD_1192,D-Mart,142.34,145,1.019
2025-12-01,PROD_1192,Amazon India,152.61,145,0.95
2025-12-01,PROD_1192,Flipkart,145.45,145,0.997
2025-12-01,PROD_1193,Reliance Retail,576.37,579,1.005
2025-12-01,PROD_1193,D-Mart,598.01,579,0.968
2025-12-01,PROD_1193,Amazon India,582.14,579,0.995
2025-12-01,PROD_1193,Flipkart,569.21,579,1.017
2025-12-01,PROD_1194,Reliance Retail,283.21,277,0.978
2025-12-01,PROD_1194,D-Mart,269.45,277,1.028
2025-12-01,PROD_1194,Amazon India,284.33,277,0.974
2025-12-01,PROD_1194,Flipkart,290.32,277,0.954
2025-12-01,PROD_1195,Reliance Retail,416.31,419,1.006
2025-12-01,PROD_1195,D-Mart,438.57,419,0.955
2025-12-01,PROD_1195,Amazon India,415.67,419,1.008
2025-12-01,PROD_1195,Flipkart,414.06,419,1.012
2025-12-01,PROD_1196,Reliance Retail,1105.76,1069,0.967
2025-12-01,PROD_1196,D-Mart,1043.23,1069,1.025
2025-12-01,PROD_1196,Amazon India,1040.84,1069,1.027
2025-12-01,PROD_1196,Flipkart,1080.8,1069,0.989
2025-12-01,PROD_1197,Reliance Retail,343.49,353,1.028
2025-12-01,PROD_1197,D-Mart,358.19,353,0.986
2025-12-01,PROD_1197,Amazon India,363.04,353,0.972
2025-12-01,PROD_1197,Flipkart,349.66,353,1.01
2025-12-01,PROD_1198,Reliance Retail,776.61,739,0.952
2025-12-01,PROD_1198,D-Mart,730.15,739,1.012
2025-12-01,PROD_1198,Amazon India,732.63,739,1.009
2025-12-01,PROD_1198,Flipkart,777.56,739,0.95
2025-12-01,PROD_1199,Reliance Retail,834.79,809,0.969
2025-12-01,PROD_1199,D-Mart,823.22,809,0.983
2025-12-01,PROD_1199,Amazon India,808.77,809,1.0
2025-12-01,PROD_1199,Flipkart,840.73,809,0.962
2025-12-01,PROD_1200,Reliance Retail,1431.11,1399,0.978
2025-12-01,PROD_1200,D-Mart,1400.08,1399,0.999
2025-12-01,PROD_1200,Amazon India,1461.03,1399,0.958
2025-12-01,PROD_1200,Flipkart,1457.08,1399,0.96
2025-12-01,PROD_1201,Reliance Retail,1148.54,1089,0.948
2025-12-01,PROD_1201,D-Mart,1153.84,1089,0.944
2025-12-01,PROD_1201,Amazon India,1057.46,1089,1.03
2025-12-01,PROD_1201,Flipkart,1087.71,1089,1.001
2025-12-01,PROD_1202,Reliance Retail,680.28,689,1.013
2025-12-01,PROD_1202,D-Mart,681.58,689,1.011
2025-12-01,PROD_1202,Amazon India,721.96,689,0.954
2025-12-01,PROD_1202,Flipkart,728.79,689,0.945
2025-12-01,PROD_1203,Reliance Retail,768.81,729,0.948
2025-12-01,PROD_1203,D-Mart,752.83,729,0.968
2025-12-01,PROD_1203,Amazon India,743.54,729,0.98
2025-12-01,PROD_1203,Flipkart,748.99,729,0.973
2025-12-01,PROD_1204,Reliance Retail,285.83,273,0.955
2025-12-01,PROD_1204,D-Mart,264.98,273,1.03
2025-12-01,PROD_1204,Amazon India,275.33,273,0.992
2025-12-01,PROD_1204,Flipkart,277.26,273,0.985
2025-12-01,PROD_1205,Reliance Retail,978.34,929,0.95
2025-12-01,PROD_1205,D-Mart,915.52,929,1.015
2025-12-01,PROD_1205,Amazon India,963.37,929,0.964
2025-12-01,PROD_1205,Flipkart,978.39,929,0.95
2025-12-01,PROD_1206,Reliance Retail,1266.25,1219,0.963
2025-12-01,PROD_1206,D-Mart,1183.56,1219,1.03
2025-12-01,PROD_1206,Amazon India,1254.78,1219,0.971
2025-12-01,PROD_1206,Flipkart,1205.42,1219,1.011
2025-12-01,PROD_1207,Reliance Retail,869.77,849,0.976
2025-12-01,PROD_1207,D-Mart,867.17,849,0.979
2025-12-01,PROD_1207,Amazon India,896.66,849,0.947
2025-12-01,PROD_1207,Flipkart,838.07,849,1.013
2025-12-01,PROD_1208,Reliance Retail,1100.26,1129,1.026
2025-12-01,PROD_1208,D-Mart,1157.24,1129,0.976
2025-12-01,PROD_1208,Amazon India,1130.08,1129,0.999
2025-12-01,PROD_1208,Flipkart,1171.36,1129,0.964
2025-12-01,PROD_1209,Reliance Retail,313.58,296,0.944
2025-12-01,PROD_1209,D-Mart,297.81,296,0.994
2025-12-01,PROD_1209,Amazon India,291.17,296,1.017
2025-12-01,PROD_1209,Flipkart,301.88,296,0.981
2025-12-01,PROD_1210,Reliance Retail,1380.59,1379,0.999
2025-12-01,PROD_1210,D-Mart,1436.26,1379,0.96
2025-12-01,PROD_1210,Amazon India,1403.95,1379,0.982
2025-12-01,PROD_1210,Flipkart,1450.34,1379,0.951
2025-12-01,PROD_1211,Reliance Retail,122.32,117,0.957
2025-12-01,PROD_1211,D-Mart,123.12,117,0.95
2025-12-01,PROD_1211,Amazon India,116.64,117,1.003
2025-12-01,PROD_1211,Flipkart,123.0,117,0.951
2025-12-01,PROD_1212,Reliance Retail,321.73,307,0.954
2025-12-01,PROD_1212,D-Mart,315.11,307,0.974
2025-12-01,PROD_1212,Amazon India,322.95,307,0.951
2025-12-01,PROD_1212,Flipkart,299.29,307,1.026
2025-12-01,PROD_1213,Reliance Retail,831.52,799,0.961
2025-12-01,PROD_1213,D-Mart,785.49,799,1.017
2025-12-01,PROD_1213,Amazon India,799.54,799,0.999
2025-12-01,PROD_1213,Flipkart,827.49,799,0.966
2025-12-01,PROD_1214,Reliance Retail,387.64,392,1.011
2025-12-01,PROD_1214,D-Mart,388.4,392,1.009
2025-12-01,PROD_1214,Amazon India,387.72,392,1.011
2025-12-01,PROD_1214,Flipkart,396.34,392,0.989
2025-12-01,PROD_1215,Reliance Retail,146.59,150,1.023
2025-12-01,PROD_1215,D-Mart,157.47,150,0.953
2025-12-01,PROD_1215,Amazon India,155.35,150,0.966
2025-12-01,PROD_1215,Flipkart,152.43,150,0.984
2025-12-01,PROD_1216,Reliance Retail,1152.57,1179,1.023
2025-12-01,PROD_1216,D-Mart,1156.82,1179,1.019
2025-12-01,PROD_1216,Amazon India,1154.08,1179,1.022
2025-12-01,PROD_1216,Flipkart,1145.2,1179,1.03
2025-12-01,PROD_1217,Reliance Retail,678.8,659,0.971
2025-12-01,PROD_1217,D-Mart,669.49,659,0.984
2025-12-01,PROD_1217,Amazon India,661.89,659,0.996
2025-12-01,PROD_1217,Flipkart,659.84,659,0.999
2025-12-01,PROD_1218,Reliance Retail,1313.97,1299,0.989
2025-12-01,PROD_1218,D-Mart,1315.56,1299,0.987
2025-12-01,PROD_1218,Amazon India,1276.29,1299,1.018
2025-12-01,PROD_1218,Flipkart,1322.17,1299,0.982
2025-12-01,PROD_1219,Reliance Retail,973.35,999,1.026
2025-12-01,PROD_1219,D-Mart,1053.42,999,0.948
2025-12-01,PROD_1219,Amazon India,1033.25,999,0.967
2025-12-01,PROD_1219,Flipkart,969.88,999,1.03
2025-12-01,PROD_1220,Reliance Retail,1094.6,1099,1.004
2025-12-01,PROD_1220,D-Mart,1163.23,1099,0.945
2025-12-01,PROD_1220,Amazon India,1070.82,1099,1.026
2025-12-01,PROD_1220,Flipkart,1080.54,1099,1.017
2025-12-01,PROD_1221,Reliance Retail,427.46,422,0.987
2025-12-01,PROD_1221,D-Mart,422.76,422,0.998
2025-12-01,PROD_1221,Amazon India,446.76,422,0.945
2025-12-01,PROD_1221,Flipkart,429.83,422,0.982
2025-12-01,PROD_1222,Reliance Retail,1285.69,1219,0.948
2025-12-01,PROD_1222,D-Mart,1223.77,1219,0.996
2025-12-01,PROD_1222,Amazon India,1212.28,1219,1.006
2025-12-01,PROD_1222,Flipkart,1214.07,1219,1.004
2025-12-01,PROD_1223,Reliance Retail,244.5,238,0.973
2025-12-01,PROD_1223,D-Mart,243.8,238,0.976
2025-12-01,PROD_1223,Amazon India,242.72,238,0.981
2025-12-01,PROD_1223,Flipkart,234.91,238,1.013
2025-12-01,PROD_1224,Reliance Retail,1251.08,1259,1.006
2025-12-01,PROD_1224,D-Mart,1253.99,1259,1.004
2025-12-01,PROD_1224,Amazon India,1319.38,1259,0.954
2025-12-01,PROD_1224,Flipkart,1313.84,1259,0.958
2025-12-01,PROD_1225,Reliance Retail,503.12,509,1.012
2025-12-01,PROD_1225,D-Mart,500.44,509,1.017
2025-12-01,PROD_1225,Amazon India,498.41,509,1.021
2025-12-01,PROD_1225,Flipkart,496.83,509,1.024
2025-12-01,PROD_1226,Reliance Retail,412.86,390,0.945
2025-12-01,PROD_1226,D-Mart,406.78,390,0.959
2025-12-01,PROD_1226,Amazon India,378.89,390,1.029
2025-12-01,PROD_1226,Flipkart,378.53,390,1.03
2025-12-01,PROD_1227,Reliance Retail,711.11,689,0.969
2025-12-01,PROD_1227,D-Mart,687.63,689,1.002
2025-12-01,PROD_1227,Amazon India,674.47,689,1.022
2025-12-01,PROD_1227,Flipkart,697.1,689,0.988
2025-12-01,PROD_1228,Reliance Retail,448.92,462,1.029
2025-12-01,PROD_1228,D-Mart,465.81,462,0.992
2025-12-01,PROD_1228,Amazon India,458.02,462,1.009
2025-12-01,PROD_1228,Flipkart,459.15,462,1.006
2025-12-01,PROD_1229,Reliance Retail,964.89,969,1.004
2025-12-01,PROD_1229,D-Mart,966.76,969,1.002
2025-12-01,PROD_1229,Amazon India,941.68,969,1.029
2025-12-01,PROD_1229,Flipkart,989.66,969,0.979
2025-12-01,PROD_1230,Reliance Retail,518.83,509,0.981
2025-12-01,PROD_1230,D-Mart,523.54,509,0.972
2025-12-01,PROD_1230,Amazon India,501.06,509,1.016
2025-12-01,PROD_1230,Flipkart,539.3,509,0.944
2025-12-01,PROD_1231,Reliance Retail,1285.73,1309,1.018
2025-12-01,PROD_1231,D-Mart,1365.34,1309,0.959
2025-12-01,PROD_1231,Amazon India,1295.69,1309,1.01
2025-12-01,PROD_1231,Flipkart,1321.45,1309,0.991
2025-12-01,PROD_1232,Reliance Retail,688.43,689,1.001
2025-12-01,PROD_1232,D-Mart,687.41,689,1.002
2025-12-01,PROD_1232,Amazon India,698.5,689,0.986
2025-12-01,PROD_1232,Flipkart,683.19,689,1.009
2025-12-01,PROD_1233,Reliance Retail,997.81,979,0.981
2025-12-01,PROD_1233,D-Mart,971.72,979,1.007
2025-12-01,PROD_1233,Amazon India,1035.35,979,0.946
2025-12-01,PROD_1233,Flipkart,970.72,979,1.009
2025-12-01,PROD_1234,Reliance Retail,1536.41,1479,0.963
2025-12-01,PROD_1234,D-Mart,1497.15,1479,0.988
2025-12-01,PROD_1234,Amazon India,1439.68,1479,1.027
2025-12-01,PROD_1234,Flipkart,1454.96,1479,1.017
2025-12-01,PROD_1235,Reliance Retail,130.64,124,0.949
2025-12-01,PROD_1235,D-Mart,129.43,124,0.958
2025-12-01,PROD_1235,Amazon India,121.89,124,1.017
2025-12-01,PROD_1235,Flipkart,120.85,124,1.026
2025-12-01,PROD_1236,Reliance Retail,474.16,482,1.017
2025-12-01,PROD_1236,D-Mart,492.87,482,0.978
2025-12-01,PROD_1236,Amazon India,495.02,482,0.974
2025-12-01,PROD_1236,Flipkart,483.98,482,0.996
2025-12-01,PROD_1237,Reliance Retail,385.17,387,1.005
2025-12-01,PROD_1237,D-Mart,382.6,387,1.012
2025-12-01,PROD_1237,Amazon India,390.68,387,0.991
2025-12-01,PROD_1237,Flipkart,376.18,387,1.029
2025-12-01,PROD_1238,Reliance Retail,1280.46,1319,1.03
2025-12-01,PROD_1238,D-Mart,1374.13,1319,0.96
2025-12-01,PROD_1238,Amazon India,1342.39,1319,0.983
2025-12-01,PROD_1238,Flipkart,1372.17,1319,0.961
2025-12-01,PROD_1239,Reliance Retail,337.21,344,1.02
2025-12-01,PROD_1239,D-Mart,358.92,344,0.958
2025-12-01,PROD_1239,Amazon India,362.25,344,0.95
2025-12-01,PROD_1239,Flipkart,350.19,344,0.982
2025-12-01,PROD_1240,Reliance Retail,802.2,819,1.021
2025-12-01,PROD_1240,D-Mart,803.51,819,1.019
2025-12-01,PROD_1240,Amazon India,808.74,819,1.013
2025-12-01,PROD_1240,Flipkart,808.09,819,1.014
